-- MySQL dump 10.13  Distrib 5.6.27, for debian-linux-gnu (x86_64)
--
-- Host: localhost    Database: nano
-- ------------------------------------------------------
-- Server version	5.6.27-0ubuntu0.14.04.1

/*!40101 SET @OLD_CHARACTER_SET_CLIENT=@@CHARACTER_SET_CLIENT */;
/*!40101 SET @OLD_CHARACTER_SET_RESULTS=@@CHARACTER_SET_RESULTS */;
/*!40101 SET @OLD_COLLATION_CONNECTION=@@COLLATION_CONNECTION */;
/*!40101 SET NAMES utf8 */;
/*!40103 SET @OLD_TIME_ZONE=@@TIME_ZONE */;
/*!40103 SET TIME_ZONE='+00:00' */;
/*!40014 SET @OLD_UNIQUE_CHECKS=@@UNIQUE_CHECKS, UNIQUE_CHECKS=0 */;
/*!40014 SET @OLD_FOREIGN_KEY_CHECKS=@@FOREIGN_KEY_CHECKS, FOREIGN_KEY_CHECKS=0 */;
/*!40101 SET @OLD_SQL_MODE=@@SQL_MODE, SQL_MODE='NO_AUTO_VALUE_ON_ZERO' */;
/*!40111 SET @OLD_SQL_NOTES=@@SQL_NOTES, SQL_NOTES=0 */;

--
-- Table structure for table `comments`
--

DROP TABLE IF EXISTS `comments`;
/*!40101 SET @saved_cs_client     = @@character_set_client */;
/*!40101 SET character_set_client = utf8 */;
CREATE TABLE `comments` (
  `id` int(10) unsigned NOT NULL AUTO_INCREMENT,
  `author_id` int(10) unsigned NOT NULL,
  `parent_id` int(10) unsigned DEFAULT NULL,
  `post` varchar(32) NOT NULL,
  `body` text NOT NULL,
  `created_at` int(10) unsigned NOT NULL,
  PRIMARY KEY (`id`),
  KEY `author_id` (`author_id`),
  KEY `post` (`post`),
  KEY `author_id_2` (`author_id`),
  KEY `id` (`id`),
  KEY `created_at` (`created_at`),
  KEY `parent_id` (`parent_id`)
) ENGINE=InnoDB AUTO_INCREMENT=21 DEFAULT CHARSET=utf8;
/*!40101 SET character_set_client = @saved_cs_client */;

--
-- Dumping data for table `comments`
--

LOCK TABLES `comments` WRITE;
/*!40000 ALTER TABLE `comments` DISABLE KEYS */;
/*!40000 ALTER TABLE `comments` ENABLE KEYS */;
UNLOCK TABLES;

--
-- Table structure for table `group_permissions`
--

DROP TABLE IF EXISTS `group_permissions`;
/*!40101 SET @saved_cs_client     = @@character_set_client */;
/*!40101 SET character_set_client = utf8 */;
CREATE TABLE `group_permissions` (
  `id` int(10) unsigned NOT NULL AUTO_INCREMENT,
  `permission` varchar(32) NOT NULL,
  `default` tinyint(1) NOT NULL DEFAULT '0',
  PRIMARY KEY (`id`),
  UNIQUE KEY `permission_2` (`permission`),
  KEY `permission` (`permission`),
  KEY `permission_3` (`permission`)
) ENGINE=InnoDB AUTO_INCREMENT=8 DEFAULT CHARSET=utf8;
/*!40101 SET character_set_client = @saved_cs_client */;

--
-- Dumping data for table `group_permissions`
--

LOCK TABLES `group_permissions` WRITE;
/*!40000 ALTER TABLE `group_permissions` DISABLE KEYS */;
INSERT INTO `group_permissions` VALUES (1,'access',1),(2,'use_admin',0),(3,'publicate',1),(4,'comment',1),(5,'edit_comments',0),(6,'edit_publications',0),(7,'premoderate_publ',1);
/*!40000 ALTER TABLE `group_permissions` ENABLE KEYS */;
UNLOCK TABLES;

--
-- Table structure for table `groups`
--

DROP TABLE IF EXISTS `groups`;
/*!40101 SET @saved_cs_client     = @@character_set_client */;
/*!40101 SET character_set_client = utf8 */;
CREATE TABLE `groups` (
  `id` int(10) unsigned NOT NULL AUTO_INCREMENT,
  `name` varchar(24) NOT NULL,
  `icon` varchar(256) NOT NULL,
  PRIMARY KEY (`id`),
  KEY `name` (`name`)
) ENGINE=InnoDB AUTO_INCREMENT=6 DEFAULT CHARSET=utf8;
/*!40101 SET character_set_client = @saved_cs_client */;

--
-- Dumping data for table `groups`
--

LOCK TABLES `groups` WRITE;
/*!40000 ALTER TABLE `groups` DISABLE KEYS */;
INSERT INTO `groups` VALUES (1,'Пользователь','/static/groups/user.png'),(2,'Постоянный','/static/groups/superuser.png'),(3,'Модератор','/static/groups/moderator.png'),(4,'Администратор','/static/groups/admin.ico'),(5,'Директор','/static/groups/director.png');
/*!40000 ALTER TABLE `groups` ENABLE KEYS */;
UNLOCK TABLES;

--
-- Table structure for table `pages`
--

DROP TABLE IF EXISTS `pages`;
/*!40101 SET @saved_cs_client     = @@character_set_client */;
/*!40101 SET character_set_client = utf8 */;
CREATE TABLE `pages` (
  `id` int(10) unsigned NOT NULL AUTO_INCREMENT,
  `title` varchar(255) NOT NULL DEFAULT 'Untitled',
  `content` longtext NOT NULL,
  `slug` varchar(255) NOT NULL DEFAULT 'untitled',
  `template` varchar(255) NOT NULL DEFAULT 'default',
  `author_id` int(10) unsigned NOT NULL,
  `created_at` int(10) unsigned NOT NULL,
  `updated_at` int(10) unsigned NOT NULL,
  PRIMARY KEY (`id`),
  KEY `author_id` (`author_id`)
) ENGINE=InnoDB AUTO_INCREMENT=4 DEFAULT CHARSET=utf8;
/*!40101 SET character_set_client = @saved_cs_client */;

--
-- Dumping data for table `pages`
--

LOCK TABLES `pages` WRITE;
/*!40000 ALTER TABLE `pages` DISABLE KEYS */;
INSERT INTO `pages` VALUES (1,'Название ','<p>asdasd as dasd asd asd asd</p>','nazvanie_','default.twig',1,1452675975,1452676178),(3,'Название','','nazvanie','default.twig',1,1453130141,1453130141);
/*!40000 ALTER TABLE `pages` ENABLE KEYS */;
UNLOCK TABLES;

--
-- Table structure for table `post_category`
--

DROP TABLE IF EXISTS `post_category`;
/*!40101 SET @saved_cs_client     = @@character_set_client */;
/*!40101 SET character_set_client = utf8 */;
CREATE TABLE `post_category` (
  `id` int(10) unsigned NOT NULL AUTO_INCREMENT,
  `title` varchar(255) NOT NULL,
  `parent_id` int(10) unsigned DEFAULT NULL,
  `post_twitter` int(10) unsigned DEFAULT NULL,
  `post_facebook` int(10) unsigned DEFAULT NULL,
  `post_vkontakte` int(10) unsigned DEFAULT NULL,
  PRIMARY KEY (`id`),
  KEY `parent_id` (`parent_id`)
) ENGINE=InnoDB AUTO_INCREMENT=6 DEFAULT CHARSET=utf8;
/*!40101 SET character_set_client = @saved_cs_client */;

--
-- Dumping data for table `post_category`
--

LOCK TABLES `post_category` WRITE;
/*!40000 ALTER TABLE `post_category` DISABLE KEYS */;
INSERT INTO `post_category` VALUES (4,'Категория',0,0,NULL,0),(5,'Категория',0,0,NULL,0);
/*!40000 ALTER TABLE `post_category` ENABLE KEYS */;
UNLOCK TABLES;

--
-- Table structure for table `posts`
--

DROP TABLE IF EXISTS `posts`;
/*!40101 SET @saved_cs_client     = @@character_set_client */;
/*!40101 SET character_set_client = utf8 */;
CREATE TABLE `posts` (
  `id` int(10) unsigned NOT NULL AUTO_INCREMENT,
  `title` varchar(255) NOT NULL,
  `content` longtext NOT NULL,
  `slug` varchar(255) NOT NULL DEFAULT 'undefined',
  `keywords` varchar(255) DEFAULT NULL,
  `moderate` enum('0','1') NOT NULL DEFAULT '0',
  `post_vkontakte` int(10) unsigned DEFAULT NULL,
  `post_twitter` int(10) unsigned DEFAULT NULL,
  `post_facebook` int(10) unsigned DEFAULT NULL,
  `category_id` int(10) unsigned NOT NULL,
  `author_id` int(10) unsigned NOT NULL,
  `views` int(10) unsigned NOT NULL,
  `created_at` int(10) unsigned NOT NULL,
  `updated_at` int(10) unsigned NOT NULL,
  PRIMARY KEY (`id`),
  KEY `author_id` (`author_id`),
  KEY `category` (`category_id`),
  KEY `created_at` (`created_at`),
  KEY `updated_at` (`updated_at`),
  KEY `views` (`views`),
  KEY `author_id_2` (`author_id`),
  KEY `category_id` (`category_id`),
  KEY `post_facebook` (`post_facebook`),
  KEY `post_twitter` (`post_twitter`),
  KEY `post_vkontakte` (`post_vkontakte`),
  KEY `moderate` (`moderate`),
  CONSTRAINT `posts_ibfk_1` FOREIGN KEY (`author_id`) REFERENCES `users` (`id`),
  CONSTRAINT `posts_ibfk_2` FOREIGN KEY (`category_id`) REFERENCES `post_category` (`id`)
) ENGINE=InnoDB AUTO_INCREMENT=22 DEFAULT CHARSET=utf8;
/*!40101 SET character_set_client = @saved_cs_client */;

--
-- Dumping data for table `posts`
--

LOCK TABLES `posts` WRITE;
/*!40000 ALTER TABLE `posts` DISABLE KEYS */;
INSERT INTO `posts` VALUES (14,'Название test 12 3123 123 123 12 3123 123 123 123','<p>asd asd asd asd&nbsp;</p>','nazvanie_test_12_3123_123_123_12_3123_123_123_123','test','0',NULL,NULL,NULL,4,1,1,1453283272,1453283272),(15,'Название','<p><img src=\"../../../static/14px.png\" alt=\"\" /></p>\n<p>asd asd asd asd asd&nbsp;</p>','nazvanie','','0',NULL,NULL,NULL,4,1,4,1453127913,1453450693),(16,'Название','','nazvanie','','0',NULL,NULL,NULL,4,1,2,1453450667,1453735237),(17,'Название','','nazvanie','','0',NULL,NULL,NULL,4,1,1,1453450665,1453728492),(18,'Название','<p><img src=\"../../../static/678136-shield-warning-128.png\" alt=\"\" /><a href=\"../../../static/678136-shield-warning-128.png\">/static/678136-shield-warning-128.png</a><img src=\"../../../static/678136-shield-warning-128.png\" alt=\"\" /><img src=\"../../../static/678136-shield-warning-128.png\" alt=\"\" /><img src=\"../../../static/678136-shield-warning-128.png\" alt=\"\" /><img src=\"../../../static/678136-shield-warning-128.png\" alt=\"\" /><img src=\"../../../static/678136-shield-warning-128.png\" alt=\"\" /><img src=\"../../../static/678136-shield-warning-128.png\" alt=\"\" /><img src=\"../../../static/678136-shield-warning-128.png\" alt=\"\" /><img src=\"../../../static/678136-shield-warning-128.png\" alt=\"\" /><img src=\"../../../static/678136-shield-warning-128.png\" alt=\"\" /><img src=\"../../../static/678136-shield-warning-128.png\" alt=\"\" /><img src=\"../../../static/678136-shield-warning-128.png\" alt=\"\" /><img src=\"../../../static/678136-shield-warning-128.png\" alt=\"\" /><img src=\"../../../static/678136-shield-warning-128.png\" alt=\"\" /><img src=\"../../../static/678136-shield-warning-128.png\" alt=\"\" /><img src=\"../../../static/678136-shield-warning-128.png\" alt=\"\" /><img src=\"../../../static/678136-shield-warning-128.png\" alt=\"\" /><img src=\"../../../static/678136-shield-warning-128.png\" alt=\"\" /><img src=\"../../../static/678136-shield-warning-128.png\" alt=\"\" /><img src=\"../../../static/678136-shield-warning-128.png\" alt=\"\" /><img src=\"../../../static/678136-shield-warning-128.png\" alt=\"\" /><img src=\"../../../static/678136-shield-warning-128.png\" alt=\"\" /><img src=\"../../../static/678136-shield-warning-128.png\" alt=\"\" /><img src=\"../../../static/678136-shield-warning-128.png\" alt=\"\" /></p>','nazvanie','','0',NULL,NULL,NULL,4,1,0,1453450634,1453452241),(19,'Название','','nazvanie','','0',NULL,NULL,NULL,4,1,0,1453450649,1453450649),(20,'Название','<p><img src=\"/static/user/1/avatar.png\" alt=\"\" /><img src=\"/static/user/1/avatar.png\" alt=\"\" /><img src=\"/static/user/1/avatar.png\" alt=\"\" /><img src=\"/static/user/1/avatar.png\" alt=\"\" /><img src=\"/static/user/1/avatar.png\" alt=\"\" /><img src=\"/static/user/1/avatar.png\" alt=\"\" /><img src=\"/static/user/1/avatar.png\" alt=\"\" /><img src=\"/static/user/1/avatar.png\" alt=\"\" /><img src=\"/static/user/1/avatar.png\" alt=\"\" /><img src=\"/static/user/1/avatar.png\" alt=\"\" /><img src=\"/static/user/1/avatar.png\" alt=\"\" /><img src=\"/static/user/1/avatar.png\" alt=\"\" /><img src=\"/static/user/1/avatar.png\" alt=\"\" /><img src=\"/static/user/1/avatar.png\" alt=\"\" /><img src=\"/static/user/1/avatar.png\" alt=\"\" /><img src=\"/static/user/1/avatar.png\" alt=\"\" /><img src=\"/static/user/1/avatar.png\" alt=\"\" /><img src=\"/static/user/1/avatar.png\" alt=\"\" /><img src=\"/static/user/1/avatar.png\" alt=\"\" /><img src=\"/static/user/1/avatar.png\" alt=\"\" /></p>','nazvanie','','0',NULL,NULL,NULL,4,1,2,1453450664,1453454463),(21,'Название','<p>as dasd asd asdasd<img src=\"/static/14px.png\" alt=\"\" width=\"1342\" height=\"949\" /><img src=\"../../../static/14px.png\" alt=\"\" /><img src=\"../../../static/14px.png\" alt=\"\" /><img src=\"../../../static/14px.png\" alt=\"\" /><img src=\"../../../static/14px.png\" alt=\"\" /><img src=\"../../../static/14px.png\" alt=\"\" /><img src=\"../../../static/14px.png\" alt=\"\" /><img src=\"../../../static/14px.png\" alt=\"\" /><img src=\"../../../static/14px.png\" alt=\"\" /></p>','nazvanie','asd asd','1',NULL,NULL,NULL,5,1,1,1453452313,1453453659);
/*!40000 ALTER TABLE `posts` ENABLE KEYS */;
UNLOCK TABLES;

--
-- Table structure for table `users`
--

DROP TABLE IF EXISTS `users`;
/*!40101 SET @saved_cs_client     = @@character_set_client */;
/*!40101 SET character_set_client = utf8 */;
CREATE TABLE `users` (
  `id` int(10) unsigned NOT NULL AUTO_INCREMENT,
  `username` varchar(24) NOT NULL,
  `email` varchar(255) NOT NULL,
  `confirm_code` varchar(32) DEFAULT NULL,
  `session_id` varchar(32) DEFAULT NULL,
  `password` varchar(32) NOT NULL,
  `avatar` varchar(255) NOT NULL,
  `rating` int(10) NOT NULL DEFAULT '0',
  `group_id` int(10) unsigned NOT NULL DEFAULT '1',
  `ban_user_id` int(10) unsigned DEFAULT NULL,
  `ban_time` int(10) DEFAULT NULL,
  `ban_reason` varchar(256) DEFAULT NULL,
  `last_visit` int(10) unsigned NOT NULL,
  `register_date` int(10) unsigned NOT NULL,
  PRIMARY KEY (`id`),
  UNIQUE KEY `email` (`email`),
  UNIQUE KEY `username` (`username`,`session_id`),
  UNIQUE KEY `confirm_code` (`confirm_code`),
  KEY `password` (`password`),
  KEY `group_id` (`group_id`),
  KEY `email_2` (`email`),
  KEY `ban_user` (`ban_user_id`),
  KEY `username_2` (`username`),
  KEY `email_3` (`email`),
  KEY `confirm_code_2` (`confirm_code`),
  KEY `session_id` (`session_id`),
  KEY `password_2` (`password`),
  KEY `group_id_2` (`group_id`),
  KEY `rating` (`rating`),
  CONSTRAINT `users_ibfk_1` FOREIGN KEY (`group_id`) REFERENCES `groups` (`id`)
) ENGINE=InnoDB AUTO_INCREMENT=13 DEFAULT CHARSET=utf8;
/*!40101 SET character_set_client = @saved_cs_client */;

--
-- Dumping data for table `users`
--

LOCK TABLES `users` WRITE;
/*!40000 ALTER TABLE `users` DISABLE KEYS */;
INSERT INTO `users` VALUES (1,'Max','cods.max@gmail.com',NULL,'3d8401fc746b67f26adc07ba091e71e9','36c1f684cc8d96843dc8dba0291ab79f','/static/user/1/avatar.png',30,5,NULL,NULL,NULL,1453735341,0),(2,'Eugen','eugen@mail.com',NULL,'ed2f502db504443c85a552374301d90e','36c1f684cc8d96843dc8dba0291ab79f','',0,1,1,1452158736,'Reason unknown',1452000984,0),(3,'Maxik2','123123@123.com',NULL,'d3ef12f36d95e0c0598b68839a9bc3bd','da392947fb16ee2b19c4865851d30528','',0,1,NULL,NULL,NULL,0,1452075779),(5,'Test user','super.email@gmail.com',NULL,'4bf5d0c19626622f0c69ec99a808ade3','da392947fb16ee2b19c4865851d30528','',0,1,NULL,NULL,NULL,0,1452852009),(6,'testsss','maxp.job@gmail.com22',NULL,'f081bcddbc017880da868035326f84a6','b0cb958ba8e54e443172518af1d69d90','',0,1,NULL,NULL,NULL,0,1452852078),(7,'asdasd','asd@ssss32.com',NULL,'b49eaeb6ffc099ebf72fe11a7f4b6177','bfb0a43c9d4c8f7acf6a753152f7d75f','',0,1,NULL,NULL,NULL,0,1452852312),(8,'root22','maxp.jo33b@gmail.com',NULL,'dadaf8cdd71b7dcb4ed1f7d74a3d6cee','1fbae74c005808a52b743e5dcfe45740','',0,1,NULL,NULL,NULL,0,1452852482),(9,'maxik22','maxp.jobd@gmail.com',NULL,'80b5999ac1d1792749a34dce3d4d9dc3','83c838e9051a2a84148f32c50d2d0085','',0,1,NULL,NULL,NULL,0,1452852583),(10,'NanoLab Web','',NULL,'97a3258d356a893ba1e604a59aca00b7','33d642616e0a81a47827b8011f8b64db','',0,5,NULL,NULL,NULL,1453385602,1452861481),(12,'Максим Папежук','http://vk.com/id159732810',NULL,'b43582f087e456b6a7583bc1a55fb257','7b541ec95aaf39f9e2e60a183304b6c1','',0,5,NULL,NULL,NULL,1452863336,1452861586);
/*!40000 ALTER TABLE `users` ENABLE KEYS */;
UNLOCK TABLES;

--
-- Table structure for table `visits`
--

DROP TABLE IF EXISTS `visits`;
/*!40101 SET @saved_cs_client     = @@character_set_client */;
/*!40101 SET character_set_client = utf8 */;
CREATE TABLE `visits` (
  `id` int(10) unsigned NOT NULL AUTO_INCREMENT,
  `ip` int(10) unsigned NOT NULL,
  `ua` varchar(255) DEFAULT NULL,
  `page` varchar(255) NOT NULL DEFAULT '/',
  `referer` varchar(255) DEFAULT NULL,
  `internal` tinyint(1) NOT NULL DEFAULT '1',
  `domain` varchar(255) DEFAULT NULL,
  `search` varchar(255) DEFAULT NULL,
  `browser` varchar(32) NOT NULL DEFAULT 'Bot',
  `version` varchar(16) NOT NULL DEFAULT 'Unknown',
  `platform` varchar(32) DEFAULT NULL,
  `time` int(10) unsigned NOT NULL,
  `time_start` int(10) unsigned NOT NULL,
  PRIMARY KEY (`id`),
  KEY `ip` (`ip`,`browser`),
  KEY `visit_date` (`time`),
  KEY `page` (`page`),
  KEY `query_term` (`search`),
  KEY `internal` (`internal`),
  KEY `domain` (`domain`),
  KEY `page_2` (`page`),
  KEY `ip_2` (`ip`),
  KEY `time` (`time`),
  KEY `time_start` (`time_start`),
  KEY `browser` (`browser`),
  KEY `search` (`search`),
  KEY `domain_2` (`domain`),
  KEY `internal_2` (`internal`),
  KEY `referer` (`referer`),
  KEY `page_3` (`page`),
  KEY `platform` (`platform`)
) ENGINE=InnoDB AUTO_INCREMENT=378 DEFAULT CHARSET=utf8;
/*!40101 SET character_set_client = @saved_cs_client */;

--
-- Dumping data for table `visits`
--

LOCK TABLES `visits` WRITE;
/*!40000 ALTER TABLE `visits` DISABLE KEYS */;
INSERT INTO `visits` VALUES (18,2130706433,'Mozilla/5.0 (X11; Linux x86_64) AppleWebKit/537.36 (KHTML, like Gecko) Ubuntu Chromium/47.0.2526.73 Chrome/47.0.2526.73 Safari/537.36','/','http://design.loc/admin/',1,'design.loc',NULL,'Google Chrome','47.0.2526.73',NULL,1453471676,1453469816),(19,2130706433,'Mozilla/5.0 (X11; Linux x86_64) AppleWebKit/537.36 (KHTML, like Gecko) Ubuntu Chromium/47.0.2526.73 Chrome/47.0.2526.73 Safari/537.36','/static/678136-shield-warning-128.png','http://design.loc/',1,'design.loc',NULL,'Google Chrome','47.0.2526.73',NULL,1453471676,1453469816),(20,2130706433,'Mozilla/5.0 (X11; Linux x86_64) AppleWebKit/537.36 (KHTML, like Gecko) Ubuntu Chromium/47.0.2526.73 Chrome/47.0.2526.73 Safari/537.36','/static/14px.png','http://design.loc/',1,'design.loc',NULL,'Google Chrome','47.0.2526.73',NULL,1453471676,1453469816),(21,2130706433,'Mozilla/5.0 (X11; Linux x86_64) AppleWebKit/537.36 (KHTML, like Gecko) Ubuntu Chromium/47.0.2526.73 Chrome/47.0.2526.73 Safari/537.36','/post/new/','http://design.loc/',1,'design.loc',NULL,'Google Chrome','47.0.2526.73',NULL,1453471680,1453469816),(22,2130706433,'Mozilla/5.0 (X11; Linux x86_64) AppleWebKit/537.36 (KHTML, like Gecko) Ubuntu Chromium/47.0.2526.73 Chrome/47.0.2526.73 Safari/537.36','/','http://design.loc/post/new/',1,'design.loc',NULL,'Google Chrome','47.0.2526.73',NULL,1453471681,1453469816),(23,2130706433,'Mozilla/5.0 (X11; Linux x86_64) AppleWebKit/537.36 (KHTML, like Gecko) Ubuntu Chromium/47.0.2526.73 Chrome/47.0.2526.73 Safari/537.36','/static/678136-shield-warning-128.png','http://design.loc/',1,'design.loc',NULL,'Google Chrome','47.0.2526.73',NULL,1453471681,1453469816),(24,2130706433,'Mozilla/5.0 (X11; Linux x86_64) AppleWebKit/537.36 (KHTML, like Gecko) Ubuntu Chromium/47.0.2526.73 Chrome/47.0.2526.73 Safari/537.36','/static/14px.png','http://design.loc/',1,'design.loc',NULL,'Google Chrome','47.0.2526.73',NULL,1453471681,1453469816),(25,2130706433,'Mozilla/5.0 (X11; Linux x86_64) AppleWebKit/537.36 (KHTML, like Gecko) Ubuntu Chromium/47.0.2526.73 Chrome/47.0.2526.73 Safari/537.36','/','http://design.loc/post/new/',1,'design.loc',NULL,'Google Chrome','47.0.2526.73','linux',1453472737,1453469816),(26,2130706433,'Mozilla/5.0 (X11; Linux x86_64) AppleWebKit/537.36 (KHTML, like Gecko) Ubuntu Chromium/47.0.2526.73 Chrome/47.0.2526.73 Safari/537.36','/static/678136-shield-warning-128.png','http://design.loc/',1,'design.loc',NULL,'Google Chrome','47.0.2526.73','linux',1453472737,1453469816),(27,2130706433,'Mozilla/5.0 (X11; Linux x86_64) AppleWebKit/537.36 (KHTML, like Gecko) Ubuntu Chromium/47.0.2526.73 Chrome/47.0.2526.73 Safari/537.36','/static/14px.png','http://design.loc/',1,'design.loc',NULL,'Google Chrome','47.0.2526.73','linux',1453472737,1453469816),(28,2130706433,'Mozilla/5.0 (X11; Linux x86_64) AppleWebKit/537.36 (KHTML, like Gecko) Ubuntu Chromium/47.0.2526.73 Chrome/47.0.2526.73 Safari/537.36','/static/678136-shield-warning-128.png','http://design.loc/',1,'design.loc',NULL,'Google Chrome','47.0.2526.73','linux',1453472738,1453469816),(29,2130706433,'Mozilla/5.0 (X11; Linux x86_64) AppleWebKit/537.36 (KHTML, like Gecko) Ubuntu Chromium/47.0.2526.73 Chrome/47.0.2526.73 Safari/537.36','/','http://design.loc/post/new/',1,'design.loc',NULL,'Google Chrome','47.0.2526.73','linux',1453473577,1453469816),(30,2130706433,'Mozilla/5.0 (X11; Linux x86_64) AppleWebKit/537.36 (KHTML, like Gecko) Ubuntu Chromium/47.0.2526.73 Chrome/47.0.2526.73 Safari/537.36','/static/678136-shield-warning-128.png','http://design.loc/',1,'design.loc',NULL,'Google Chrome','47.0.2526.73','linux',1453473577,1453469816),(31,2130706433,'Mozilla/5.0 (X11; Linux x86_64) AppleWebKit/537.36 (KHTML, like Gecko) Ubuntu Chromium/47.0.2526.73 Chrome/47.0.2526.73 Safari/537.36','/static/14px.png','http://design.loc/',1,'design.loc',NULL,'Google Chrome','47.0.2526.73','linux',1453473578,1453469816),(32,2130706433,'Mozilla/5.0 (X11; Linux x86_64) AppleWebKit/537.36 (KHTML, like Gecko) Ubuntu Chromium/47.0.2526.73 Chrome/47.0.2526.73 Safari/537.36','/static/678136-shield-warning-128.png','http://design.loc/',1,'design.loc',NULL,'Google Chrome','47.0.2526.73','linux',1453473578,1453469816),(33,2130706433,'Mozilla/5.0 (X11; Linux x86_64) AppleWebKit/537.36 (KHTML, like Gecko) Ubuntu Chromium/47.0.2526.73 Chrome/47.0.2526.73 Safari/537.36','/','http://design.loc/admin/stats/22',1,'design.loc',NULL,'Google Chrome','47.0.2526.73','linux',1453707450,1453469816),(34,2130706433,'Mozilla/5.0 (X11; Linux x86_64) AppleWebKit/537.36 (KHTML, like Gecko) Ubuntu Chromium/47.0.2526.73 Chrome/47.0.2526.73 Safari/537.36','/static/678136-shield-warning-128.png','http://design.loc/',1,'design.loc',NULL,'Google Chrome','47.0.2526.73','linux',1453707452,1453469816),(35,2130706433,'Mozilla/5.0 (X11; Linux x86_64) AppleWebKit/537.36 (KHTML, like Gecko) Ubuntu Chromium/47.0.2526.73 Chrome/47.0.2526.73 Safari/537.36','/static/14px.png','http://design.loc/',1,'design.loc',NULL,'Google Chrome','47.0.2526.73','linux',1453707452,1453469816),(36,2130706433,'Mozilla/5.0 (X11; Linux x86_64) AppleWebKit/537.36 (KHTML, like Gecko) Ubuntu Chromium/47.0.2526.73 Chrome/47.0.2526.73 Safari/537.36','/','http://design.loc/admin/stats/22',1,'design.loc',NULL,'Google Chrome','47.0.2526.73','linux',1453707453,1453469816),(37,2130706433,'Mozilla/5.0 (X11; Linux x86_64) AppleWebKit/537.36 (KHTML, like Gecko) Ubuntu Chromium/47.0.2526.73 Chrome/47.0.2526.73 Safari/537.36','/static/678136-shield-warning-128.png','http://design.loc/',1,'design.loc',NULL,'Google Chrome','47.0.2526.73','linux',1453707453,1453469816),(38,2130706433,'Mozilla/5.0 (X11; Linux x86_64) AppleWebKit/537.36 (KHTML, like Gecko) Ubuntu Chromium/47.0.2526.73 Chrome/47.0.2526.73 Safari/537.36','/static/14px.png','http://design.loc/',1,'design.loc',NULL,'Google Chrome','47.0.2526.73','linux',1453707454,1453469816),(39,2130706433,'Mozilla/5.0 (X11; Linux x86_64) AppleWebKit/537.36 (KHTML, like Gecko) Ubuntu Chromium/47.0.2526.73 Chrome/47.0.2526.73 Safari/537.36','/','http://design.loc/admin/stats/22',1,'design.loc',NULL,'Google Chrome','47.0.2526.73','linux',1453707466,1453469816),(40,2130706433,'Mozilla/5.0 (X11; Linux x86_64) AppleWebKit/537.36 (KHTML, like Gecko) Ubuntu Chromium/47.0.2526.73 Chrome/47.0.2526.73 Safari/537.36','/static/678136-shield-warning-128.png','http://design.loc/',1,'design.loc',NULL,'Google Chrome','47.0.2526.73','linux',1453707466,1453469816),(41,2130706433,'Mozilla/5.0 (X11; Linux x86_64) AppleWebKit/537.36 (KHTML, like Gecko) Ubuntu Chromium/47.0.2526.73 Chrome/47.0.2526.73 Safari/537.36','/static/14px.png','http://design.loc/',1,'design.loc',NULL,'Google Chrome','47.0.2526.73','linux',1453707466,1453469816),(42,2130706433,'Mozilla/5.0 (X11; Linux x86_64) AppleWebKit/537.36 (KHTML, like Gecko) Ubuntu Chromium/47.0.2526.73 Chrome/47.0.2526.73 Safari/537.36','/static/678136-shield-warning-128.png','http://design.loc/',1,'design.loc',NULL,'Google Chrome','47.0.2526.73','linux',1453707467,1453469816),(43,2130706433,'Mozilla/5.0 (X11; Linux x86_64) AppleWebKit/537.36 (KHTML, like Gecko) Ubuntu Chromium/47.0.2526.73 Chrome/47.0.2526.73 Safari/537.36','/','http://design.loc/admin/stats/22',1,'design.loc',NULL,'Google Chrome','47.0.2526.73','linux',1453707502,1453469816),(44,2130706433,'Mozilla/5.0 (X11; Linux x86_64) AppleWebKit/537.36 (KHTML, like Gecko) Ubuntu Chromium/47.0.2526.73 Chrome/47.0.2526.73 Safari/537.36','/static/678136-shield-warning-128.png','http://design.loc/',1,'design.loc',NULL,'Google Chrome','47.0.2526.73','linux',1453707502,1453469816),(45,2130706433,'Mozilla/5.0 (X11; Linux x86_64) AppleWebKit/537.36 (KHTML, like Gecko) Ubuntu Chromium/47.0.2526.73 Chrome/47.0.2526.73 Safari/537.36','/static/14px.png','http://design.loc/',1,'design.loc',NULL,'Google Chrome','47.0.2526.73','linux',1453707503,1453469816),(46,2130706433,'Mozilla/5.0 (X11; Linux x86_64) AppleWebKit/537.36 (KHTML, like Gecko) Ubuntu Chromium/47.0.2526.73 Chrome/47.0.2526.73 Safari/537.36','/','http://design.loc/admin/stats/22',1,'design.loc',NULL,'Google Chrome','47.0.2526.73','linux',1453707503,1453469816),(47,2130706433,'Mozilla/5.0 (X11; Linux x86_64) AppleWebKit/537.36 (KHTML, like Gecko) Ubuntu Chromium/47.0.2526.73 Chrome/47.0.2526.73 Safari/537.36','/static/678136-shield-warning-128.png','http://design.loc/',1,'design.loc',NULL,'Google Chrome','47.0.2526.73','linux',1453707503,1453469816),(48,2130706433,'Mozilla/5.0 (X11; Linux x86_64) AppleWebKit/537.36 (KHTML, like Gecko) Ubuntu Chromium/47.0.2526.73 Chrome/47.0.2526.73 Safari/537.36','/static/14px.png','http://design.loc/',1,'design.loc',NULL,'Google Chrome','47.0.2526.73','linux',1453707503,1453469816),(49,2130706433,'Mozilla/5.0 (X11; Linux x86_64) AppleWebKit/537.36 (KHTML, like Gecko) Ubuntu Chromium/47.0.2526.73 Chrome/47.0.2526.73 Safari/537.36','/static/678136-shield-warning-128.png','http://design.loc/',1,'design.loc',NULL,'Google Chrome','47.0.2526.73','linux',1453707504,1453469816),(50,2130706433,'Mozilla/5.0 (X11; Linux x86_64) AppleWebKit/537.36 (KHTML, like Gecko) Ubuntu Chromium/47.0.2526.73 Chrome/47.0.2526.73 Safari/537.36','/','http://design.loc/admin/stats/22',1,'design.loc',NULL,'Google Chrome','47.0.2526.73','linux',1453707504,1453469816),(51,2130706433,'Mozilla/5.0 (X11; Linux x86_64) AppleWebKit/537.36 (KHTML, like Gecko) Ubuntu Chromium/47.0.2526.73 Chrome/47.0.2526.73 Safari/537.36','/static/678136-shield-warning-128.png','http://design.loc/',1,'design.loc',NULL,'Google Chrome','47.0.2526.73','linux',1453707505,1453469816),(52,2130706433,'Mozilla/5.0 (X11; Linux x86_64) AppleWebKit/537.36 (KHTML, like Gecko) Ubuntu Chromium/47.0.2526.73 Chrome/47.0.2526.73 Safari/537.36','/static/14px.png','http://design.loc/',1,'design.loc',NULL,'Google Chrome','47.0.2526.73','linux',1453707505,1453469816),(53,2130706433,'Mozilla/5.0 (X11; Linux x86_64) AppleWebKit/537.36 (KHTML, like Gecko) Ubuntu Chromium/47.0.2526.73 Chrome/47.0.2526.73 Safari/537.36','/','http://design.loc/admin/',1,'design.loc',NULL,'Google Chrome','47.0.2526.73','linux',1453719500,1453469816),(54,2130706433,'Mozilla/5.0 (X11; Linux x86_64) AppleWebKit/537.36 (KHTML, like Gecko) Ubuntu Chromium/47.0.2526.73 Chrome/47.0.2526.73 Safari/537.36','/static/678136-shield-warning-128.png','http://design.loc/',1,'design.loc',NULL,'Google Chrome','47.0.2526.73','linux',1453719501,1453469816),(55,2130706433,'Mozilla/5.0 (X11; Linux x86_64) AppleWebKit/537.36 (KHTML, like Gecko) Ubuntu Chromium/47.0.2526.73 Chrome/47.0.2526.73 Safari/537.36','/static/14px.png','http://design.loc/',1,'design.loc',NULL,'Google Chrome','47.0.2526.73','linux',1453719501,1453469816),(56,2130706433,'Mozilla/5.0 (X11; Linux x86_64) AppleWebKit/537.36 (KHTML, like Gecko) Ubuntu Chromium/47.0.2526.73 Chrome/47.0.2526.73 Safari/537.36','/','http://design.loc/admin/',1,'design.loc',NULL,'Google Chrome','47.0.2526.73','linux',1453719506,1453469816),(57,2130706433,'Mozilla/5.0 (X11; Linux x86_64) AppleWebKit/537.36 (KHTML, like Gecko) Ubuntu Chromium/47.0.2526.73 Chrome/47.0.2526.73 Safari/537.36','/static/678136-shield-warning-128.png','http://design.loc/',1,'design.loc',NULL,'Google Chrome','47.0.2526.73','linux',1453719506,1453469816),(58,2130706433,'Mozilla/5.0 (X11; Linux x86_64) AppleWebKit/537.36 (KHTML, like Gecko) Ubuntu Chromium/47.0.2526.73 Chrome/47.0.2526.73 Safari/537.36','/static/14px.png','http://design.loc/',1,'design.loc',NULL,'Google Chrome','47.0.2526.73','linux',1453719506,1453469816),(59,2130706433,'Mozilla/5.0 (X11; Linux x86_64) AppleWebKit/537.36 (KHTML, like Gecko) Ubuntu Chromium/47.0.2526.73 Chrome/47.0.2526.73 Safari/537.36','/','http://design.loc/admin/',1,'design.loc',NULL,'Google Chrome','47.0.2526.73','linux',1453723659,1453469816),(60,2130706433,'Mozilla/5.0 (X11; Linux x86_64) AppleWebKit/537.36 (KHTML, like Gecko) Ubuntu Chromium/47.0.2526.73 Chrome/47.0.2526.73 Safari/537.36','/static/678136-shield-warning-128.png','http://design.loc/',1,'design.loc',NULL,'Google Chrome','47.0.2526.73','linux',1453723659,1453469816),(61,2130706433,'Mozilla/5.0 (X11; Linux x86_64) AppleWebKit/537.36 (KHTML, like Gecko) Ubuntu Chromium/47.0.2526.73 Chrome/47.0.2526.73 Safari/537.36','/static/14px.png','http://design.loc/',1,'design.loc',NULL,'Google Chrome','47.0.2526.73','linux',1453723659,1453469816),(62,2130706433,'Mozilla/5.0 (X11; Linux x86_64) AppleWebKit/537.36 (KHTML, like Gecko) Ubuntu Chromium/47.0.2526.73 Chrome/47.0.2526.73 Safari/537.36','/','http://design.loc/',1,'design.loc',NULL,'Google Chrome','47.0.2526.73','linux',1453723660,1453469816),(63,2130706433,'Mozilla/5.0 (X11; Linux x86_64) AppleWebKit/537.36 (KHTML, like Gecko) Ubuntu Chromium/47.0.2526.73 Chrome/47.0.2526.73 Safari/537.36','/static/678136-shield-warning-128.png','http://design.loc/',1,'design.loc',NULL,'Google Chrome','47.0.2526.73','linux',1453723661,1453469816),(64,2130706433,'Mozilla/5.0 (X11; Linux x86_64) AppleWebKit/537.36 (KHTML, like Gecko) Ubuntu Chromium/47.0.2526.73 Chrome/47.0.2526.73 Safari/537.36','/static/14px.png','http://design.loc/',1,'design.loc',NULL,'Google Chrome','47.0.2526.73','linux',1453723661,1453469816),(65,2130706433,'Mozilla/5.0 (X11; Linux x86_64) AppleWebKit/537.36 (KHTML, like Gecko) Ubuntu Chromium/47.0.2526.73 Chrome/47.0.2526.73 Safari/537.36','/page/1-nazvanie_.html','http://design.loc/',1,'design.loc',NULL,'Google Chrome','47.0.2526.73','linux',1453723662,1453469816),(66,2130706433,'Mozilla/5.0 (X11; Linux x86_64) AppleWebKit/537.36 (KHTML, like Gecko) Ubuntu Chromium/47.0.2526.73 Chrome/47.0.2526.73 Safari/537.36','/comment/list/',NULL,0,NULL,NULL,'Google Chrome','47.0.2526.73','linux',1453726867,1453469816),(67,2130706433,'Mozilla/5.0 (X11; Linux x86_64) AppleWebKit/537.36 (KHTML, like Gecko) Ubuntu Chromium/47.0.2526.73 Chrome/47.0.2526.73 Safari/537.36','/comment/list/publ1/',NULL,0,NULL,NULL,'Google Chrome','47.0.2526.73','linux',1453726878,1453469816),(68,2130706433,'Mozilla/5.0 (X11; Linux x86_64) AppleWebKit/537.36 (KHTML, like Gecko) Ubuntu Chromium/47.0.2526.73 Chrome/47.0.2526.73 Safari/537.36','/comment/list/publ1/',NULL,0,NULL,NULL,'Google Chrome','47.0.2526.73','linux',1453726880,1453469816),(69,2130706433,'Mozilla/5.0 (X11; Linux x86_64) AppleWebKit/537.36 (KHTML, like Gecko) Ubuntu Chromium/47.0.2526.73 Chrome/47.0.2526.73 Safari/537.36','/comment/list/publ1/',NULL,0,NULL,NULL,'Google Chrome','47.0.2526.73','linux',1453726940,1453469816),(70,2130706433,'Mozilla/5.0 (X11; Linux x86_64) AppleWebKit/537.36 (KHTML, like Gecko) Ubuntu Chromium/47.0.2526.73 Chrome/47.0.2526.73 Safari/537.36','/comment/list/publ1/',NULL,0,NULL,NULL,'Google Chrome','47.0.2526.73','linux',1453726941,1453469816),(71,2130706433,'Mozilla/5.0 (X11; Linux x86_64) AppleWebKit/537.36 (KHTML, like Gecko) Ubuntu Chromium/47.0.2526.73 Chrome/47.0.2526.73 Safari/537.36','/comment/list/publ1',NULL,0,NULL,NULL,'Google Chrome','47.0.2526.73','linux',1453726944,1453469816),(72,2130706433,'Mozilla/5.0 (X11; Linux x86_64) AppleWebKit/537.36 (KHTML, like Gecko) Ubuntu Chromium/47.0.2526.73 Chrome/47.0.2526.73 Safari/537.36','/comment/list/publ1',NULL,0,NULL,NULL,'Google Chrome','47.0.2526.73','linux',1453726952,1453469816),(73,2130706433,'Mozilla/5.0 (X11; Linux x86_64) AppleWebKit/537.36 (KHTML, like Gecko) Ubuntu Chromium/47.0.2526.73 Chrome/47.0.2526.73 Safari/537.36','/comment/list/publ1',NULL,0,NULL,NULL,'Google Chrome','47.0.2526.73','linux',1453726952,1453469816),(74,2130706433,'Mozilla/5.0 (X11; Linux x86_64) AppleWebKit/537.36 (KHTML, like Gecko) Ubuntu Chromium/47.0.2526.73 Chrome/47.0.2526.73 Safari/537.36','/comment/list/publ1',NULL,0,NULL,NULL,'Google Chrome','47.0.2526.73','linux',1453726953,1453469816),(75,2130706433,'Mozilla/5.0 (X11; Linux x86_64) AppleWebKit/537.36 (KHTML, like Gecko) Ubuntu Chromium/47.0.2526.73 Chrome/47.0.2526.73 Safari/537.36','/comment/list',NULL,0,NULL,NULL,'Google Chrome','47.0.2526.73','linux',1453726955,1453469816),(76,2130706433,'Mozilla/5.0 (X11; Linux x86_64) AppleWebKit/537.36 (KHTML, like Gecko) Ubuntu Chromium/47.0.2526.73 Chrome/47.0.2526.73 Safari/537.36','/comment/list',NULL,0,NULL,NULL,'Google Chrome','47.0.2526.73','linux',1453726957,1453469816),(77,2130706433,'Mozilla/5.0 (X11; Linux x86_64) AppleWebKit/537.36 (KHTML, like Gecko) Ubuntu Chromium/47.0.2526.73 Chrome/47.0.2526.73 Safari/537.36','/comment/list',NULL,0,NULL,NULL,'Google Chrome','47.0.2526.73','linux',1453726958,1453469816),(78,2130706433,'Mozilla/5.0 (X11; Linux x86_64) AppleWebKit/537.36 (KHTML, like Gecko) Ubuntu Chromium/47.0.2526.73 Chrome/47.0.2526.73 Safari/537.36','/comment/list/publ1',NULL,0,NULL,NULL,'Google Chrome','47.0.2526.73','linux',1453726986,1453469816),(79,2130706433,'Mozilla/5.0 (X11; Linux x86_64) AppleWebKit/537.36 (KHTML, like Gecko) Ubuntu Chromium/47.0.2526.73 Chrome/47.0.2526.73 Safari/537.36','/comment/list/publ1/',NULL,0,NULL,NULL,'Google Chrome','47.0.2526.73','linux',1453726987,1453469816),(80,2130706433,'Mozilla/5.0 (X11; Linux x86_64) AppleWebKit/537.36 (KHTML, like Gecko) Ubuntu Chromium/47.0.2526.73 Chrome/47.0.2526.73 Safari/537.36','/comment/list/',NULL,0,NULL,NULL,'Google Chrome','47.0.2526.73','linux',1453726988,1453469816),(81,2130706433,'Mozilla/5.0 (X11; Linux x86_64) AppleWebKit/537.36 (KHTML, like Gecko) Ubuntu Chromium/47.0.2526.73 Chrome/47.0.2526.73 Safari/537.36','/page/3-nazvanie.html','http://design.loc/control/page/',1,'design.loc',NULL,'Google Chrome','47.0.2526.73','linux',1453726993,1453469816),(82,2130706433,'Mozilla/5.0 (X11; Linux x86_64) AppleWebKit/537.36 (KHTML, like Gecko) Ubuntu Chromium/47.0.2526.73 Chrome/47.0.2526.73 Safari/537.36','/comment/p1',NULL,0,NULL,NULL,'Google Chrome','47.0.2526.73','linux',1453727015,1453469816),(83,2130706433,'Mozilla/5.0 (X11; Linux x86_64) AppleWebKit/537.36 (KHTML, like Gecko) Ubuntu Chromium/47.0.2526.73 Chrome/47.0.2526.73 Safari/537.36','/comment/p1',NULL,0,NULL,NULL,'Google Chrome','47.0.2526.73','linux',1453727045,1453469816),(84,2130706433,'Mozilla/5.0 (X11; Linux x86_64) AppleWebKit/537.36 (KHTML, like Gecko) Ubuntu Chromium/47.0.2526.73 Chrome/47.0.2526.73 Safari/537.36','/comment/p1',NULL,0,NULL,NULL,'Google Chrome','47.0.2526.73','linux',1453727046,1453469816),(85,2130706433,'Mozilla/5.0 (X11; Linux x86_64) AppleWebKit/537.36 (KHTML, like Gecko) Ubuntu Chromium/47.0.2526.73 Chrome/47.0.2526.73 Safari/537.36','/comment/p1',NULL,0,NULL,NULL,'Google Chrome','47.0.2526.73','linux',1453727046,1453469816),(86,2130706433,'Mozilla/5.0 (X11; Linux x86_64) AppleWebKit/537.36 (KHTML, like Gecko) Ubuntu Chromium/47.0.2526.73 Chrome/47.0.2526.73 Safari/537.36','/comment/p1',NULL,0,NULL,NULL,'Google Chrome','47.0.2526.73','linux',1453727047,1453469816),(87,2130706433,'Mozilla/5.0 (X11; Linux x86_64) AppleWebKit/537.36 (KHTML, like Gecko) Ubuntu Chromium/47.0.2526.73 Chrome/47.0.2526.73 Safari/537.36','/comment/p1',NULL,0,NULL,NULL,'Google Chrome','47.0.2526.73','linux',1453727056,1453469816),(88,2130706433,'Mozilla/5.0 (X11; Linux x86_64) AppleWebKit/537.36 (KHTML, like Gecko) Ubuntu Chromium/47.0.2526.73 Chrome/47.0.2526.73 Safari/537.36','/comment/p1/',NULL,0,NULL,NULL,'Google Chrome','47.0.2526.73','linux',1453727058,1453469816),(89,2130706433,'Mozilla/5.0 (X11; Linux x86_64) AppleWebKit/537.36 (KHTML, like Gecko) Ubuntu Chromium/47.0.2526.73 Chrome/47.0.2526.73 Safari/537.36','/comment/p1/',NULL,0,NULL,NULL,'Google Chrome','47.0.2526.73','linux',1453727059,1453469816),(90,2130706433,'Mozilla/5.0 (X11; Linux x86_64) AppleWebKit/537.36 (KHTML, like Gecko) Ubuntu Chromium/47.0.2526.73 Chrome/47.0.2526.73 Safari/537.36','/comment/p1/',NULL,0,NULL,NULL,'Google Chrome','47.0.2526.73','linux',1453727059,1453469816),(91,2130706433,'Mozilla/5.0 (X11; Linux x86_64) AppleWebKit/537.36 (KHTML, like Gecko) Ubuntu Chromium/47.0.2526.73 Chrome/47.0.2526.73 Safari/537.36','/comment/p1/',NULL,0,NULL,NULL,'Google Chrome','47.0.2526.73','linux',1453727078,1453469816),(92,2130706433,'Mozilla/5.0 (X11; Linux x86_64) AppleWebKit/537.36 (KHTML, like Gecko) Ubuntu Chromium/47.0.2526.73 Chrome/47.0.2526.73 Safari/537.36','/comment/p1/',NULL,0,NULL,NULL,'Google Chrome','47.0.2526.73','linux',1453727079,1453469816),(93,2130706433,'Mozilla/5.0 (X11; Linux x86_64) AppleWebKit/537.36 (KHTML, like Gecko) Ubuntu Chromium/47.0.2526.73 Chrome/47.0.2526.73 Safari/537.36','/comment/p1/',NULL,0,NULL,NULL,'Google Chrome','47.0.2526.73','linux',1453727080,1453469816),(94,2130706433,'Mozilla/5.0 (X11; Linux x86_64) AppleWebKit/537.36 (KHTML, like Gecko) Ubuntu Chromium/47.0.2526.73 Chrome/47.0.2526.73 Safari/537.36','/comment/p1/',NULL,0,NULL,NULL,'Google Chrome','47.0.2526.73','linux',1453727105,1453469816),(95,2130706433,'Mozilla/5.0 (X11; Linux x86_64) AppleWebKit/537.36 (KHTML, like Gecko) Ubuntu Chromium/47.0.2526.73 Chrome/47.0.2526.73 Safari/537.36','/comment/p1/',NULL,0,NULL,NULL,'Google Chrome','47.0.2526.73','linux',1453727106,1453469816),(96,2130706433,'Mozilla/5.0 (X11; Linux x86_64) AppleWebKit/537.36 (KHTML, like Gecko) Ubuntu Chromium/47.0.2526.73 Chrome/47.0.2526.73 Safari/537.36','/comment/p1/',NULL,0,NULL,NULL,'Google Chrome','47.0.2526.73','linux',1453727106,1453469816),(97,2130706433,'Mozilla/5.0 (X11; Linux x86_64) AppleWebKit/537.36 (KHTML, like Gecko) Ubuntu Chromium/47.0.2526.73 Chrome/47.0.2526.73 Safari/537.36','/comment/p1/',NULL,0,NULL,NULL,'Google Chrome','47.0.2526.73','linux',1453727107,1453469816),(98,2130706433,'Mozilla/5.0 (X11; Linux x86_64) AppleWebKit/537.36 (KHTML, like Gecko) Ubuntu Chromium/47.0.2526.73 Chrome/47.0.2526.73 Safari/537.36','/comment/p1/',NULL,0,NULL,NULL,'Google Chrome','47.0.2526.73','linux',1453727151,1453469816),(99,2130706433,'Mozilla/5.0 (X11; Linux x86_64) AppleWebKit/537.36 (KHTML, like Gecko) Ubuntu Chromium/47.0.2526.73 Chrome/47.0.2526.73 Safari/537.36','/comment/p1/',NULL,0,NULL,NULL,'Google Chrome','47.0.2526.73','linux',1453727151,1453469816),(100,2130706433,'Mozilla/5.0 (X11; Linux x86_64) AppleWebKit/537.36 (KHTML, like Gecko) Ubuntu Chromium/47.0.2526.73 Chrome/47.0.2526.73 Safari/537.36','/comment/p1/',NULL,0,NULL,NULL,'Google Chrome','47.0.2526.73','linux',1453727152,1453469816),(101,2130706433,'Mozilla/5.0 (X11; Linux x86_64) AppleWebKit/537.36 (KHTML, like Gecko) Ubuntu Chromium/47.0.2526.73 Chrome/47.0.2526.73 Safari/537.36','/comment/list/p1/',NULL,0,NULL,NULL,'Google Chrome','47.0.2526.73','linux',1453727158,1453469816),(102,2130706433,'Mozilla/5.0 (X11; Linux x86_64) AppleWebKit/537.36 (KHTML, like Gecko) Ubuntu Chromium/47.0.2526.73 Chrome/47.0.2526.73 Safari/537.36','/comment/list/p1/',NULL,0,NULL,NULL,'Google Chrome','47.0.2526.73','linux',1453727163,1453469816),(103,2130706433,'Mozilla/5.0 (X11; Linux x86_64) AppleWebKit/537.36 (KHTML, like Gecko) Ubuntu Chromium/47.0.2526.73 Chrome/47.0.2526.73 Safari/537.36','/comment/list/p1/',NULL,0,NULL,NULL,'Google Chrome','47.0.2526.73','linux',1453727164,1453469816),(104,2130706433,'Mozilla/5.0 (X11; Linux x86_64) AppleWebKit/537.36 (KHTML, like Gecko) Ubuntu Chromium/47.0.2526.73 Chrome/47.0.2526.73 Safari/537.36','/comment/list/p1/',NULL,0,NULL,NULL,'Google Chrome','47.0.2526.73','linux',1453727164,1453469816),(105,2130706433,'Mozilla/5.0 (X11; Linux x86_64) AppleWebKit/537.36 (KHTML, like Gecko) Ubuntu Chromium/47.0.2526.73 Chrome/47.0.2526.73 Safari/537.36','/comment/list/p1/',NULL,0,NULL,NULL,'Google Chrome','47.0.2526.73','linux',1453727165,1453469816),(106,2130706433,'Mozilla/5.0 (X11; Linux x86_64) AppleWebKit/537.36 (KHTML, like Gecko) Ubuntu Chromium/47.0.2526.73 Chrome/47.0.2526.73 Safari/537.36','/comment/list/p1/',NULL,0,NULL,NULL,'Google Chrome','47.0.2526.73','linux',1453727169,1453469816),(107,2130706433,'Mozilla/5.0 (X11; Linux x86_64) AppleWebKit/537.36 (KHTML, like Gecko) Ubuntu Chromium/47.0.2526.73 Chrome/47.0.2526.73 Safari/537.36','/comment/list/p1/',NULL,0,NULL,NULL,'Google Chrome','47.0.2526.73','linux',1453727170,1453469816),(108,2130706433,'Mozilla/5.0 (X11; Linux x86_64) AppleWebKit/537.36 (KHTML, like Gecko) Ubuntu Chromium/47.0.2526.73 Chrome/47.0.2526.73 Safari/537.36','/comment/list/p1/',NULL,0,NULL,NULL,'Google Chrome','47.0.2526.73','linux',1453727170,1453469816),(109,2130706433,'Mozilla/5.0 (X11; Linux x86_64) AppleWebKit/537.36 (KHTML, like Gecko) Ubuntu Chromium/47.0.2526.73 Chrome/47.0.2526.73 Safari/537.36','/comment/list/p1/',NULL,0,NULL,NULL,'Google Chrome','47.0.2526.73','linux',1453727171,1453469816),(110,2130706433,'Mozilla/5.0 (X11; Linux x86_64) AppleWebKit/537.36 (KHTML, like Gecko) Ubuntu Chromium/47.0.2526.73 Chrome/47.0.2526.73 Safari/537.36','/comment/list/p1/',NULL,0,NULL,NULL,'Google Chrome','47.0.2526.73','linux',1453727171,1453469816),(111,2130706433,'Mozilla/5.0 (X11; Linux x86_64) AppleWebKit/537.36 (KHTML, like Gecko) Ubuntu Chromium/47.0.2526.73 Chrome/47.0.2526.73 Safari/537.36','/comment/list/p1/',NULL,0,NULL,NULL,'Google Chrome','47.0.2526.73','linux',1453727172,1453469816),(112,2130706433,'Mozilla/5.0 (X11; Linux x86_64) AppleWebKit/537.36 (KHTML, like Gecko) Ubuntu Chromium/47.0.2526.73 Chrome/47.0.2526.73 Safari/537.36','/comment/list/p1/',NULL,0,NULL,NULL,'Google Chrome','47.0.2526.73','linux',1453727172,1453469816),(113,2130706433,'Mozilla/5.0 (X11; Linux x86_64) AppleWebKit/537.36 (KHTML, like Gecko) Ubuntu Chromium/47.0.2526.73 Chrome/47.0.2526.73 Safari/537.36','/comment/list/p1/',NULL,0,NULL,NULL,'Google Chrome','47.0.2526.73','linux',1453727172,1453469816),(114,2130706433,'Mozilla/5.0 (X11; Linux x86_64) AppleWebKit/537.36 (KHTML, like Gecko) Ubuntu Chromium/47.0.2526.73 Chrome/47.0.2526.73 Safari/537.36','/comment/list/p1/',NULL,0,NULL,NULL,'Google Chrome','47.0.2526.73','linux',1453727172,1453469816),(115,2130706433,'Mozilla/5.0 (X11; Linux x86_64) AppleWebKit/537.36 (KHTML, like Gecko) Ubuntu Chromium/47.0.2526.73 Chrome/47.0.2526.73 Safari/537.36','/comment/list/p1/',NULL,0,NULL,NULL,'Google Chrome','47.0.2526.73','linux',1453727173,1453469816),(116,2130706433,'Mozilla/5.0 (X11; Linux x86_64) AppleWebKit/537.36 (KHTML, like Gecko) Ubuntu Chromium/47.0.2526.73 Chrome/47.0.2526.73 Safari/537.36','/comment/list/p1/',NULL,0,NULL,NULL,'Google Chrome','47.0.2526.73','linux',1453727173,1453469816),(117,2130706433,'Mozilla/5.0 (X11; Linux x86_64) AppleWebKit/537.36 (KHTML, like Gecko) Ubuntu Chromium/47.0.2526.73 Chrome/47.0.2526.73 Safari/537.36','/comment/list/p1/',NULL,0,NULL,NULL,'Google Chrome','47.0.2526.73','linux',1453727174,1453469816),(118,2130706433,'Mozilla/5.0 (X11; Linux x86_64) AppleWebKit/537.36 (KHTML, like Gecko) Ubuntu Chromium/47.0.2526.73 Chrome/47.0.2526.73 Safari/537.36','/comment/list/p1/',NULL,0,NULL,NULL,'Google Chrome','47.0.2526.73','linux',1453727174,1453469816),(119,2130706433,'Mozilla/5.0 (X11; Linux x86_64) AppleWebKit/537.36 (KHTML, like Gecko) Ubuntu Chromium/47.0.2526.73 Chrome/47.0.2526.73 Safari/537.36','/comment/list/p1/',NULL,0,NULL,NULL,'Google Chrome','47.0.2526.73','linux',1453727174,1453469816),(120,2130706433,'Mozilla/5.0 (X11; Linux x86_64) AppleWebKit/537.36 (KHTML, like Gecko) Ubuntu Chromium/47.0.2526.73 Chrome/47.0.2526.73 Safari/537.36','/comment/list/p1/',NULL,0,NULL,NULL,'Google Chrome','47.0.2526.73','linux',1453727174,1453469816),(121,2130706433,'Mozilla/5.0 (X11; Linux x86_64) AppleWebKit/537.36 (KHTML, like Gecko) Ubuntu Chromium/47.0.2526.73 Chrome/47.0.2526.73 Safari/537.36','/comment/list/p1/',NULL,0,NULL,NULL,'Google Chrome','47.0.2526.73','linux',1453727203,1453469816),(122,2130706433,'Mozilla/5.0 (X11; Linux x86_64) AppleWebKit/537.36 (KHTML, like Gecko) Ubuntu Chromium/47.0.2526.73 Chrome/47.0.2526.73 Safari/537.36','/comment/list/p1/',NULL,0,NULL,NULL,'Google Chrome','47.0.2526.73','linux',1453727203,1453469816),(123,2130706433,'Mozilla/5.0 (X11; Linux x86_64) AppleWebKit/537.36 (KHTML, like Gecko) Ubuntu Chromium/47.0.2526.73 Chrome/47.0.2526.73 Safari/537.36','/comment/list/p1/',NULL,0,NULL,NULL,'Google Chrome','47.0.2526.73','linux',1453727204,1453469816),(124,2130706433,'Mozilla/5.0 (X11; Linux x86_64) AppleWebKit/537.36 (KHTML, like Gecko) Ubuntu Chromium/47.0.2526.73 Chrome/47.0.2526.73 Safari/537.36','/comment/list/p1/',NULL,0,NULL,NULL,'Google Chrome','47.0.2526.73','linux',1453727205,1453469816),(125,2130706433,'Mozilla/5.0 (X11; Linux x86_64) AppleWebKit/537.36 (KHTML, like Gecko) Ubuntu Chromium/47.0.2526.73 Chrome/47.0.2526.73 Safari/537.36','/comment/list/p1/',NULL,0,NULL,NULL,'Google Chrome','47.0.2526.73','linux',1453727206,1453469816),(126,2130706433,'Mozilla/5.0 (X11; Linux x86_64) AppleWebKit/537.36 (KHTML, like Gecko) Ubuntu Chromium/47.0.2526.73 Chrome/47.0.2526.73 Safari/537.36','/comment/list/p1/?type=json',NULL,0,NULL,NULL,'Google Chrome','47.0.2526.73','linux',1453727930,1453469816),(127,2130706433,'Mozilla/5.0 (X11; Linux x86_64) AppleWebKit/537.36 (KHTML, like Gecko) Ubuntu Chromium/47.0.2526.73 Chrome/47.0.2526.73 Safari/537.36','/comment/list/p1/?type=json',NULL,0,NULL,NULL,'Google Chrome','47.0.2526.73','linux',1453727972,1453469816),(128,2130706433,'Mozilla/5.0 (X11; Linux x86_64) AppleWebKit/537.36 (KHTML, like Gecko) Ubuntu Chromium/47.0.2526.73 Chrome/47.0.2526.73 Safari/537.36','/comment/list/p1/?type=json',NULL,0,NULL,NULL,'Google Chrome','47.0.2526.73','linux',1453727993,1453469816),(129,2130706433,'Mozilla/5.0 (X11; Linux x86_64) AppleWebKit/537.36 (KHTML, like Gecko) Ubuntu Chromium/47.0.2526.73 Chrome/47.0.2526.73 Safari/537.36','/comment/list/p1/?type=json',NULL,0,NULL,NULL,'Google Chrome','47.0.2526.73','linux',1453728002,1453469816),(130,2130706433,'Mozilla/5.0 (X11; Linux x86_64) AppleWebKit/537.36 (KHTML, like Gecko) Ubuntu Chromium/47.0.2526.73 Chrome/47.0.2526.73 Safari/537.36','/comment/list/p1/?type=json',NULL,0,NULL,NULL,'Google Chrome','47.0.2526.73','linux',1453728003,1453469816),(131,2130706433,'Mozilla/5.0 (X11; Linux x86_64) AppleWebKit/537.36 (KHTML, like Gecko) Ubuntu Chromium/47.0.2526.73 Chrome/47.0.2526.73 Safari/537.36','/comment/list/p1/?type=json',NULL,0,NULL,NULL,'Google Chrome','47.0.2526.73','linux',1453728003,1453469816),(132,2130706433,'Mozilla/5.0 (X11; Linux x86_64) AppleWebKit/537.36 (KHTML, like Gecko) Ubuntu Chromium/47.0.2526.73 Chrome/47.0.2526.73 Safari/537.36','/comment/list/p1/?type=json',NULL,0,NULL,NULL,'Google Chrome','47.0.2526.73','linux',1453728012,1453469816),(133,2130706433,'Mozilla/5.0 (X11; Linux x86_64) AppleWebKit/537.36 (KHTML, like Gecko) Ubuntu Chromium/47.0.2526.73 Chrome/47.0.2526.73 Safari/537.36','/comment/list/p1/?type=json',NULL,0,NULL,NULL,'Google Chrome','47.0.2526.73','linux',1453728012,1453469816),(134,2130706433,'Mozilla/5.0 (X11; Linux x86_64) AppleWebKit/537.36 (KHTML, like Gecko) Ubuntu Chromium/47.0.2526.73 Chrome/47.0.2526.73 Safari/537.36','/comment/list/p1/?type=json',NULL,0,NULL,NULL,'Google Chrome','47.0.2526.73','linux',1453728013,1453469816),(135,2130706433,'Mozilla/5.0 (X11; Linux x86_64) AppleWebKit/537.36 (KHTML, like Gecko) Ubuntu Chromium/47.0.2526.73 Chrome/47.0.2526.73 Safari/537.36','/comment/list/p1/?type=json',NULL,0,NULL,NULL,'Google Chrome','47.0.2526.73','linux',1453728013,1453469816),(136,2130706433,'Mozilla/5.0 (X11; Linux x86_64) AppleWebKit/537.36 (KHTML, like Gecko) Ubuntu Chromium/47.0.2526.73 Chrome/47.0.2526.73 Safari/537.36','/comment/list/p1/?type=json',NULL,0,NULL,NULL,'Google Chrome','47.0.2526.73','linux',1453728013,1453469816),(137,2130706433,'Mozilla/5.0 (X11; Linux x86_64) AppleWebKit/537.36 (KHTML, like Gecko) Ubuntu Chromium/47.0.2526.73 Chrome/47.0.2526.73 Safari/537.36','/comment/list/p1/?type=json',NULL,0,NULL,NULL,'Google Chrome','47.0.2526.73','linux',1453728014,1453469816),(138,2130706433,'Mozilla/5.0 (X11; Linux x86_64) AppleWebKit/537.36 (KHTML, like Gecko) Ubuntu Chromium/47.0.2526.73 Chrome/47.0.2526.73 Safari/537.36','/comment/list/p1/?type=json',NULL,0,NULL,NULL,'Google Chrome','47.0.2526.73','linux',1453728015,1453469816),(139,2130706433,'Mozilla/5.0 (X11; Linux x86_64) AppleWebKit/537.36 (KHTML, like Gecko) Ubuntu Chromium/47.0.2526.73 Chrome/47.0.2526.73 Safari/537.36','/comment/list/p1/?type=json',NULL,0,NULL,NULL,'Google Chrome','47.0.2526.73','linux',1453728079,1453469816),(140,2130706433,'Mozilla/5.0 (X11; Linux x86_64) AppleWebKit/537.36 (KHTML, like Gecko) Ubuntu Chromium/47.0.2526.73 Chrome/47.0.2526.73 Safari/537.36','/comment/list/p1/?type=json',NULL,0,NULL,NULL,'Google Chrome','47.0.2526.73','linux',1453728079,1453469816),(141,2130706433,'Mozilla/5.0 (X11; Linux x86_64) AppleWebKit/537.36 (KHTML, like Gecko) Ubuntu Chromium/47.0.2526.73 Chrome/47.0.2526.73 Safari/537.36','/comment/list/p1/?type=json',NULL,0,NULL,NULL,'Google Chrome','47.0.2526.73','linux',1453728080,1453469816),(142,2130706433,'Mozilla/5.0 (X11; Linux x86_64) AppleWebKit/537.36 (KHTML, like Gecko) Ubuntu Chromium/47.0.2526.73 Chrome/47.0.2526.73 Safari/537.36','/comment/list/p1/?type=json',NULL,0,NULL,NULL,'Google Chrome','47.0.2526.73','linux',1453728165,1453469816),(143,2130706433,'Mozilla/5.0 (X11; Linux x86_64) AppleWebKit/537.36 (KHTML, like Gecko) Ubuntu Chromium/47.0.2526.73 Chrome/47.0.2526.73 Safari/537.36','/comment/list/p1/?type=html',NULL,0,NULL,NULL,'Google Chrome','47.0.2526.73','linux',1453728169,1453469816),(144,2130706433,'Mozilla/5.0 (X11; Linux x86_64) AppleWebKit/537.36 (KHTML, like Gecko) Ubuntu Chromium/47.0.2526.73 Chrome/47.0.2526.73 Safari/537.36','/',NULL,0,NULL,NULL,'Google Chrome','47.0.2526.73','linux',1453728486,1453469816),(145,2130706433,'Mozilla/5.0 (X11; Linux x86_64) AppleWebKit/537.36 (KHTML, like Gecko) Ubuntu Chromium/47.0.2526.73 Chrome/47.0.2526.73 Safari/537.36','/static/678136-shield-warning-128.png','http://design.loc/',1,'design.loc',NULL,'Google Chrome','47.0.2526.73','linux',1453728487,1453469816),(146,2130706433,'Mozilla/5.0 (X11; Linux x86_64) AppleWebKit/537.36 (KHTML, like Gecko) Ubuntu Chromium/47.0.2526.73 Chrome/47.0.2526.73 Safari/537.36','/static/14px.png','http://design.loc/',1,'design.loc',NULL,'Google Chrome','47.0.2526.73','linux',1453728487,1453469816),(147,2130706433,'Mozilla/5.0 (X11; Linux x86_64) AppleWebKit/537.36 (KHTML, like Gecko) Ubuntu Chromium/47.0.2526.73 Chrome/47.0.2526.73 Safari/537.36','/post/20-nazvanie.html','http://design.loc/',1,'design.loc',NULL,'Google Chrome','47.0.2526.73','linux',1453728488,1453469816),(148,2130706433,'Mozilla/5.0 (X11; Linux x86_64) AppleWebKit/537.36 (KHTML, like Gecko) Ubuntu Chromium/47.0.2526.73 Chrome/47.0.2526.73 Safari/537.36','/','http://design.loc/post/20-nazvanie.html',1,'design.loc',NULL,'Google Chrome','47.0.2526.73','linux',1453728491,1453469816),(149,2130706433,'Mozilla/5.0 (X11; Linux x86_64) AppleWebKit/537.36 (KHTML, like Gecko) Ubuntu Chromium/47.0.2526.73 Chrome/47.0.2526.73 Safari/537.36','/static/678136-shield-warning-128.png','http://design.loc/',1,'design.loc',NULL,'Google Chrome','47.0.2526.73','linux',1453728491,1453469816),(150,2130706433,'Mozilla/5.0 (X11; Linux x86_64) AppleWebKit/537.36 (KHTML, like Gecko) Ubuntu Chromium/47.0.2526.73 Chrome/47.0.2526.73 Safari/537.36','/static/14px.png','http://design.loc/',1,'design.loc',NULL,'Google Chrome','47.0.2526.73','linux',1453728491,1453469816),(151,2130706433,'Mozilla/5.0 (X11; Linux x86_64) AppleWebKit/537.36 (KHTML, like Gecko) Ubuntu Chromium/47.0.2526.73 Chrome/47.0.2526.73 Safari/537.36','/post/17-nazvanie.html','http://design.loc/',1,'design.loc',NULL,'Google Chrome','47.0.2526.73','linux',1453728492,1453469816),(152,2130706433,'Mozilla/5.0 (X11; Linux x86_64) AppleWebKit/537.36 (KHTML, like Gecko) Ubuntu Chromium/47.0.2526.73 Chrome/47.0.2526.73 Safari/537.36','/post/17-nazvanie.html','http://design.loc/',1,'design.loc',NULL,'Google Chrome','47.0.2526.73','linux',1453728524,1453469816),(153,2130706433,'Mozilla/5.0 (X11; Linux x86_64) AppleWebKit/537.36 (KHTML, like Gecko) Ubuntu Chromium/47.0.2526.73 Chrome/47.0.2526.73 Safari/537.36','/post/17-nazvanie.html','http://design.loc/',1,'design.loc',NULL,'Google Chrome','47.0.2526.73','linux',1453728525,1453469816),(154,2130706433,'Mozilla/5.0 (X11; Linux x86_64) AppleWebKit/537.36 (KHTML, like Gecko) Ubuntu Chromium/47.0.2526.73 Chrome/47.0.2526.73 Safari/537.36','/post/17-nazvanie.html','http://design.loc/',1,'design.loc',NULL,'Google Chrome','47.0.2526.73','linux',1453728549,1453469816),(155,2130706433,'Mozilla/5.0 (X11; Linux x86_64) AppleWebKit/537.36 (KHTML, like Gecko) Ubuntu Chromium/47.0.2526.73 Chrome/47.0.2526.73 Safari/537.36','/post/17-nazvanie.html','http://design.loc/',1,'design.loc',NULL,'Google Chrome','47.0.2526.73','linux',1453728556,1453469816),(156,2130706433,'Mozilla/5.0 (X11; Linux x86_64) AppleWebKit/537.36 (KHTML, like Gecko) Ubuntu Chromium/47.0.2526.73 Chrome/47.0.2526.73 Safari/537.36','/post/17-nazvanie.html','http://design.loc/',1,'design.loc',NULL,'Google Chrome','47.0.2526.73','linux',1453728573,1453469816),(157,2130706433,'Mozilla/5.0 (X11; Linux x86_64) AppleWebKit/537.36 (KHTML, like Gecko) Ubuntu Chromium/47.0.2526.73 Chrome/47.0.2526.73 Safari/537.36','/post/17-nazvanie.html','http://design.loc/',1,'design.loc',NULL,'Google Chrome','47.0.2526.73','linux',1453728576,1453469816),(158,2130706433,'Mozilla/5.0 (X11; Linux x86_64) AppleWebKit/537.36 (KHTML, like Gecko) Ubuntu Chromium/47.0.2526.73 Chrome/47.0.2526.73 Safari/537.36','/post/17-nazvanie.html','http://design.loc/',1,'design.loc',NULL,'Google Chrome','47.0.2526.73','linux',1453729015,1453469816),(159,2130706433,'Mozilla/5.0 (X11; Linux x86_64) AppleWebKit/537.36 (KHTML, like Gecko) Ubuntu Chromium/47.0.2526.73 Chrome/47.0.2526.73 Safari/537.36','/post/17-nazvanie.html','http://design.loc/',1,'design.loc',NULL,'Google Chrome','47.0.2526.73','linux',1453729047,1453469816),(160,2130706433,'Mozilla/5.0 (X11; Linux x86_64) AppleWebKit/537.36 (KHTML, like Gecko) Ubuntu Chromium/47.0.2526.73 Chrome/47.0.2526.73 Safari/537.36','/post/17-nazvanie.html','http://design.loc/',1,'design.loc',NULL,'Google Chrome','47.0.2526.73','linux',1453729166,1453469816),(161,2130706433,'Mozilla/5.0 (X11; Linux x86_64) AppleWebKit/537.36 (KHTML, like Gecko) Ubuntu Chromium/47.0.2526.73 Chrome/47.0.2526.73 Safari/537.36','/post/17-nazvanie.html','http://design.loc/',1,'design.loc',NULL,'Google Chrome','47.0.2526.73','linux',1453729186,1453469816),(162,2130706433,'Mozilla/5.0 (X11; Linux x86_64) AppleWebKit/537.36 (KHTML, like Gecko) Ubuntu Chromium/47.0.2526.73 Chrome/47.0.2526.73 Safari/537.36','/post/17-nazvanie.html','http://design.loc/',1,'design.loc',NULL,'Google Chrome','47.0.2526.73','linux',1453729222,1453469816),(163,2130706433,'Mozilla/5.0 (X11; Linux x86_64) AppleWebKit/537.36 (KHTML, like Gecko) Ubuntu Chromium/47.0.2526.73 Chrome/47.0.2526.73 Safari/537.36','/post/17-nazvanie.html','http://design.loc/',1,'design.loc',NULL,'Google Chrome','47.0.2526.73','linux',1453729223,1453469816),(164,2130706433,'Mozilla/5.0 (X11; Linux x86_64) AppleWebKit/537.36 (KHTML, like Gecko) Ubuntu Chromium/47.0.2526.73 Chrome/47.0.2526.73 Safari/537.36','/post/17-nazvanie.html','http://design.loc/',1,'design.loc',NULL,'Google Chrome','47.0.2526.73','linux',1453729257,1453469816),(165,2130706433,'Mozilla/5.0 (X11; Linux x86_64) AppleWebKit/537.36 (KHTML, like Gecko) Ubuntu Chromium/47.0.2526.73 Chrome/47.0.2526.73 Safari/537.36','/post/17-nazvanie.html','http://design.loc/',1,'design.loc',NULL,'Google Chrome','47.0.2526.73','linux',1453729259,1453469816),(166,2130706433,'Mozilla/5.0 (X11; Linux x86_64) AppleWebKit/537.36 (KHTML, like Gecko) Ubuntu Chromium/47.0.2526.73 Chrome/47.0.2526.73 Safari/537.36','/post/17-nazvanie.html','http://design.loc/',1,'design.loc',NULL,'Google Chrome','47.0.2526.73','linux',1453729321,1453469816),(167,2130706433,'Mozilla/5.0 (X11; Linux x86_64) AppleWebKit/537.36 (KHTML, like Gecko) Ubuntu Chromium/47.0.2526.73 Chrome/47.0.2526.73 Safari/537.36','/post/17-nazvanie.html','http://design.loc/',1,'design.loc',NULL,'Google Chrome','47.0.2526.73','linux',1453729365,1453469816),(168,2130706433,'Mozilla/5.0 (X11; Linux x86_64) AppleWebKit/537.36 (KHTML, like Gecko) Ubuntu Chromium/47.0.2526.73 Chrome/47.0.2526.73 Safari/537.36','/post/17-nazvanie.html','http://design.loc/',1,'design.loc',NULL,'Google Chrome','47.0.2526.73','linux',1453729366,1453469816),(169,2130706433,'Mozilla/5.0 (X11; Linux x86_64) AppleWebKit/537.36 (KHTML, like Gecko) Ubuntu Chromium/47.0.2526.73 Chrome/47.0.2526.73 Safari/537.36','/post/17-nazvanie.html','http://design.loc/',1,'design.loc',NULL,'Google Chrome','47.0.2526.73','linux',1453729394,1453469816),(170,2130706433,'Mozilla/5.0 (X11; Linux x86_64) AppleWebKit/537.36 (KHTML, like Gecko) Ubuntu Chromium/47.0.2526.73 Chrome/47.0.2526.73 Safari/537.36','/post/17-nazvanie.html','http://design.loc/',1,'design.loc',NULL,'Google Chrome','47.0.2526.73','linux',1453729395,1453469816),(171,2130706433,'Mozilla/5.0 (X11; Linux x86_64) AppleWebKit/537.36 (KHTML, like Gecko) Ubuntu Chromium/47.0.2526.73 Chrome/47.0.2526.73 Safari/537.36','/post/17-nazvanie.html','http://design.loc/',1,'design.loc',NULL,'Google Chrome','47.0.2526.73','linux',1453729396,1453469816),(172,2130706433,'Mozilla/5.0 (X11; Linux x86_64) AppleWebKit/537.36 (KHTML, like Gecko) Ubuntu Chromium/47.0.2526.73 Chrome/47.0.2526.73 Safari/537.36','/post/17-nazvanie.html','http://design.loc/',1,'design.loc',NULL,'Google Chrome','47.0.2526.73','linux',1453729413,1453469816),(173,2130706433,'Mozilla/5.0 (X11; Linux x86_64) AppleWebKit/537.36 (KHTML, like Gecko) Ubuntu Chromium/47.0.2526.73 Chrome/47.0.2526.73 Safari/537.36','/post/17-nazvanie.html','http://design.loc/',1,'design.loc',NULL,'Google Chrome','47.0.2526.73','linux',1453729414,1453469816),(174,2130706433,'Mozilla/5.0 (X11; Linux x86_64) AppleWebKit/537.36 (KHTML, like Gecko) Ubuntu Chromium/47.0.2526.73 Chrome/47.0.2526.73 Safari/537.36','/post/17-nazvanie.html','http://design.loc/',1,'design.loc',NULL,'Google Chrome','47.0.2526.73','linux',1453729422,1453469816),(175,2130706433,'Mozilla/5.0 (X11; Linux x86_64) AppleWebKit/537.36 (KHTML, like Gecko) Ubuntu Chromium/47.0.2526.73 Chrome/47.0.2526.73 Safari/537.36','/post/17-nazvanie.html','http://design.loc/',1,'design.loc',NULL,'Google Chrome','47.0.2526.73','linux',1453729422,1453469816),(176,2130706433,'Mozilla/5.0 (X11; Linux x86_64) AppleWebKit/537.36 (KHTML, like Gecko) Ubuntu Chromium/47.0.2526.73 Chrome/47.0.2526.73 Safari/537.36','/post/17-nazvanie.html','http://design.loc/',1,'design.loc',NULL,'Google Chrome','47.0.2526.73','linux',1453729423,1453469816),(177,2130706433,'Mozilla/5.0 (X11; Linux x86_64) AppleWebKit/537.36 (KHTML, like Gecko) Ubuntu Chromium/47.0.2526.73 Chrome/47.0.2526.73 Safari/537.36','/post/17-nazvanie.html','http://design.loc/',1,'design.loc',NULL,'Google Chrome','47.0.2526.73','linux',1453729432,1453469816),(178,2130706433,'Mozilla/5.0 (X11; Linux x86_64) AppleWebKit/537.36 (KHTML, like Gecko) Ubuntu Chromium/47.0.2526.73 Chrome/47.0.2526.73 Safari/537.36','/post/17-nazvanie.html','http://design.loc/',1,'design.loc',NULL,'Google Chrome','47.0.2526.73','linux',1453729433,1453469816),(179,2130706433,'Mozilla/5.0 (X11; Linux x86_64) AppleWebKit/537.36 (KHTML, like Gecko) Ubuntu Chromium/47.0.2526.73 Chrome/47.0.2526.73 Safari/537.36','/post/17-nazvanie.html','http://design.loc/',1,'design.loc',NULL,'Google Chrome','47.0.2526.73','linux',1453729445,1453469816),(180,2130706433,'Mozilla/5.0 (X11; Linux x86_64) AppleWebKit/537.36 (KHTML, like Gecko) Ubuntu Chromium/47.0.2526.73 Chrome/47.0.2526.73 Safari/537.36','/post/17-nazvanie.html','http://design.loc/',1,'design.loc',NULL,'Google Chrome','47.0.2526.73','linux',1453729446,1453469816),(181,2130706433,'Mozilla/5.0 (X11; Linux x86_64) AppleWebKit/537.36 (KHTML, like Gecko) Ubuntu Chromium/47.0.2526.73 Chrome/47.0.2526.73 Safari/537.36','/post/17-nazvanie.html','http://design.loc/',1,'design.loc',NULL,'Google Chrome','47.0.2526.73','linux',1453729458,1453469816),(182,2130706433,'Mozilla/5.0 (X11; Linux x86_64) AppleWebKit/537.36 (KHTML, like Gecko) Ubuntu Chromium/47.0.2526.73 Chrome/47.0.2526.73 Safari/537.36','/post/17-nazvanie.html','http://design.loc/',1,'design.loc',NULL,'Google Chrome','47.0.2526.73','linux',1453729459,1453469816),(183,2130706433,'Mozilla/5.0 (X11; Linux x86_64) AppleWebKit/537.36 (KHTML, like Gecko) Ubuntu Chromium/47.0.2526.73 Chrome/47.0.2526.73 Safari/537.36','/post/17-nazvanie.html','http://design.loc/',1,'design.loc',NULL,'Google Chrome','47.0.2526.73','linux',1453729484,1453469816),(184,2130706433,'Mozilla/5.0 (X11; Linux x86_64) AppleWebKit/537.36 (KHTML, like Gecko) Ubuntu Chromium/47.0.2526.73 Chrome/47.0.2526.73 Safari/537.36','/post/17-nazvanie.html','http://design.loc/',1,'design.loc',NULL,'Google Chrome','47.0.2526.73','linux',1453729524,1453469816),(185,2130706433,'Mozilla/5.0 (X11; Linux x86_64) AppleWebKit/537.36 (KHTML, like Gecko) Ubuntu Chromium/47.0.2526.73 Chrome/47.0.2526.73 Safari/537.36','/post/17-nazvanie.html','http://design.loc/',1,'design.loc',NULL,'Google Chrome','47.0.2526.73','linux',1453729611,1453469816),(186,2130706433,'Mozilla/5.0 (X11; Linux x86_64) AppleWebKit/537.36 (KHTML, like Gecko) Ubuntu Chromium/47.0.2526.73 Chrome/47.0.2526.73 Safari/537.36','/post/17-nazvanie.html','http://design.loc/',1,'design.loc',NULL,'Google Chrome','47.0.2526.73','linux',1453729612,1453469816),(187,2130706433,'Mozilla/5.0 (X11; Linux x86_64) AppleWebKit/537.36 (KHTML, like Gecko) Ubuntu Chromium/47.0.2526.73 Chrome/47.0.2526.73 Safari/537.36','/post/17-nazvanie.html','http://design.loc/',1,'design.loc',NULL,'Google Chrome','47.0.2526.73','linux',1453729620,1453469816),(188,2130706433,'Mozilla/5.0 (X11; Linux x86_64) AppleWebKit/537.36 (KHTML, like Gecko) Ubuntu Chromium/47.0.2526.73 Chrome/47.0.2526.73 Safari/537.36','/post/17-nazvanie.html','http://design.loc/',1,'design.loc',NULL,'Google Chrome','47.0.2526.73','linux',1453729643,1453469816),(189,2130706433,'Mozilla/5.0 (X11; Linux x86_64) AppleWebKit/537.36 (KHTML, like Gecko) Ubuntu Chromium/47.0.2526.73 Chrome/47.0.2526.73 Safari/537.36','/post/17-nazvanie.html','http://design.loc/',1,'design.loc',NULL,'Google Chrome','47.0.2526.73','linux',1453729644,1453469816),(190,2130706433,'Mozilla/5.0 (X11; Linux x86_64) AppleWebKit/537.36 (KHTML, like Gecko) Ubuntu Chromium/47.0.2526.73 Chrome/47.0.2526.73 Safari/537.36','/post/17-nazvanie.html','http://design.loc/',1,'design.loc',NULL,'Google Chrome','47.0.2526.73','linux',1453729658,1453469816),(191,2130706433,'Mozilla/5.0 (X11; Linux x86_64) AppleWebKit/537.36 (KHTML, like Gecko) Ubuntu Chromium/47.0.2526.73 Chrome/47.0.2526.73 Safari/537.36','/post/17-nazvanie.html','http://design.loc/',1,'design.loc',NULL,'Google Chrome','47.0.2526.73','linux',1453729665,1453469816),(192,2130706433,'Mozilla/5.0 (X11; Linux x86_64) AppleWebKit/537.36 (KHTML, like Gecko) Ubuntu Chromium/47.0.2526.73 Chrome/47.0.2526.73 Safari/537.36','/post/17-nazvanie.html','http://design.loc/',1,'design.loc',NULL,'Google Chrome','47.0.2526.73','linux',1453729685,1453469816),(193,2130706433,'Mozilla/5.0 (X11; Linux x86_64) AppleWebKit/537.36 (KHTML, like Gecko) Ubuntu Chromium/47.0.2526.73 Chrome/47.0.2526.73 Safari/537.36','/post/17-nazvanie.html','http://design.loc/',1,'design.loc',NULL,'Google Chrome','47.0.2526.73','linux',1453729686,1453469816),(194,2130706433,'Mozilla/5.0 (X11; Linux x86_64) AppleWebKit/537.36 (KHTML, like Gecko) Ubuntu Chromium/47.0.2526.73 Chrome/47.0.2526.73 Safari/537.36','/post/17-nazvanie.html','http://design.loc/',1,'design.loc',NULL,'Google Chrome','47.0.2526.73','linux',1453729700,1453469816),(195,2130706433,'Mozilla/5.0 (X11; Linux x86_64) AppleWebKit/537.36 (KHTML, like Gecko) Ubuntu Chromium/47.0.2526.73 Chrome/47.0.2526.73 Safari/537.36','/post/17-nazvanie.html','http://design.loc/',1,'design.loc',NULL,'Google Chrome','47.0.2526.73','linux',1453729714,1453469816),(196,2130706433,'Mozilla/5.0 (X11; Linux x86_64) AppleWebKit/537.36 (KHTML, like Gecko) Ubuntu Chromium/47.0.2526.73 Chrome/47.0.2526.73 Safari/537.36','/post/17-nazvanie.html','http://design.loc/',1,'design.loc',NULL,'Google Chrome','47.0.2526.73','linux',1453729716,1453469816),(197,2130706433,'Mozilla/5.0 (X11; Linux x86_64) AppleWebKit/537.36 (KHTML, like Gecko) Ubuntu Chromium/47.0.2526.73 Chrome/47.0.2526.73 Safari/537.36','/post/17-nazvanie.html','http://design.loc/',1,'design.loc',NULL,'Google Chrome','47.0.2526.73','linux',1453729732,1453469816),(198,2130706433,'Mozilla/5.0 (X11; Linux x86_64) AppleWebKit/537.36 (KHTML, like Gecko) Ubuntu Chromium/47.0.2526.73 Chrome/47.0.2526.73 Safari/537.36','/post/17-nazvanie.html','http://design.loc/',1,'design.loc',NULL,'Google Chrome','47.0.2526.73','linux',1453729733,1453469816),(199,2130706433,'Mozilla/5.0 (X11; Linux x86_64) AppleWebKit/537.36 (KHTML, like Gecko) Ubuntu Chromium/47.0.2526.73 Chrome/47.0.2526.73 Safari/537.36','/post/17-nazvanie.html','http://design.loc/',1,'design.loc',NULL,'Google Chrome','47.0.2526.73','linux',1453729748,1453469816),(200,2130706433,'Mozilla/5.0 (X11; Linux x86_64) AppleWebKit/537.36 (KHTML, like Gecko) Ubuntu Chromium/47.0.2526.73 Chrome/47.0.2526.73 Safari/537.36','/post/17-nazvanie.html','http://design.loc/',1,'design.loc',NULL,'Google Chrome','47.0.2526.73','linux',1453729749,1453469816),(201,2130706433,'Mozilla/5.0 (X11; Linux x86_64) AppleWebKit/537.36 (KHTML, like Gecko) Ubuntu Chromium/47.0.2526.73 Chrome/47.0.2526.73 Safari/537.36','/post/17-nazvanie.html','http://design.loc/',1,'design.loc',NULL,'Google Chrome','47.0.2526.73','linux',1453729750,1453469816),(202,2130706433,'Mozilla/5.0 (X11; Linux x86_64) AppleWebKit/537.36 (KHTML, like Gecko) Ubuntu Chromium/47.0.2526.73 Chrome/47.0.2526.73 Safari/537.36','/post/17-nazvanie.html','http://design.loc/',1,'design.loc',NULL,'Google Chrome','47.0.2526.73','linux',1453729763,1453469816),(203,2130706433,'Mozilla/5.0 (X11; Linux x86_64) AppleWebKit/537.36 (KHTML, like Gecko) Ubuntu Chromium/47.0.2526.73 Chrome/47.0.2526.73 Safari/537.36','/post/17-nazvanie.html','http://design.loc/',1,'design.loc',NULL,'Google Chrome','47.0.2526.73','linux',1453729797,1453469816),(204,2130706433,'Mozilla/5.0 (X11; Linux x86_64) AppleWebKit/537.36 (KHTML, like Gecko) Ubuntu Chromium/47.0.2526.73 Chrome/47.0.2526.73 Safari/537.36','/post/17-nazvanie.html','http://design.loc/',1,'design.loc',NULL,'Google Chrome','47.0.2526.73','linux',1453729831,1453469816),(205,2130706433,'Mozilla/5.0 (X11; Linux x86_64) AppleWebKit/537.36 (KHTML, like Gecko) Ubuntu Chromium/47.0.2526.73 Chrome/47.0.2526.73 Safari/537.36','/post/17-nazvanie.html','http://design.loc/',1,'design.loc',NULL,'Google Chrome','47.0.2526.73','linux',1453729836,1453469816),(206,2130706433,'Mozilla/5.0 (X11; Linux x86_64) AppleWebKit/537.36 (KHTML, like Gecko) Ubuntu Chromium/47.0.2526.73 Chrome/47.0.2526.73 Safari/537.36','/post/17-nazvanie.html','http://design.loc/',1,'design.loc',NULL,'Google Chrome','47.0.2526.73','linux',1453729844,1453469816),(207,2130706433,'Mozilla/5.0 (X11; Linux x86_64) AppleWebKit/537.36 (KHTML, like Gecko) Ubuntu Chromium/47.0.2526.73 Chrome/47.0.2526.73 Safari/537.36','/post/17-nazvanie.html','http://design.loc/',1,'design.loc',NULL,'Google Chrome','47.0.2526.73','linux',1453729845,1453469816),(208,2130706433,'Mozilla/5.0 (X11; Linux x86_64) AppleWebKit/537.36 (KHTML, like Gecko) Ubuntu Chromium/47.0.2526.73 Chrome/47.0.2526.73 Safari/537.36','/post/17-nazvanie.html','http://design.loc/',1,'design.loc',NULL,'Google Chrome','47.0.2526.73','linux',1453729850,1453469816),(209,2130706433,'Mozilla/5.0 (X11; Linux x86_64) AppleWebKit/537.36 (KHTML, like Gecko) Ubuntu Chromium/47.0.2526.73 Chrome/47.0.2526.73 Safari/537.36','/post/17-nazvanie.html','http://design.loc/',1,'design.loc',NULL,'Google Chrome','47.0.2526.73','linux',1453729854,1453469816),(210,2130706433,'Mozilla/5.0 (X11; Linux x86_64) AppleWebKit/537.36 (KHTML, like Gecko) Ubuntu Chromium/47.0.2526.73 Chrome/47.0.2526.73 Safari/537.36','/post/17-nazvanie.html','http://design.loc/',1,'design.loc',NULL,'Google Chrome','47.0.2526.73','linux',1453729858,1453469816),(211,2130706433,'Mozilla/5.0 (X11; Linux x86_64) AppleWebKit/537.36 (KHTML, like Gecko) Ubuntu Chromium/47.0.2526.73 Chrome/47.0.2526.73 Safari/537.36','/post/17-nazvanie.html','http://design.loc/',1,'design.loc',NULL,'Google Chrome','47.0.2526.73','linux',1453729865,1453469816),(212,2130706433,'Mozilla/5.0 (X11; Linux x86_64) AppleWebKit/537.36 (KHTML, like Gecko) Ubuntu Chromium/47.0.2526.73 Chrome/47.0.2526.73 Safari/537.36','/post/17-nazvanie.html','http://design.loc/',1,'design.loc',NULL,'Google Chrome','47.0.2526.73','linux',1453730057,1453469816),(213,2130706433,'Mozilla/5.0 (X11; Linux x86_64) AppleWebKit/537.36 (KHTML, like Gecko) Ubuntu Chromium/47.0.2526.73 Chrome/47.0.2526.73 Safari/537.36','/post/17-nazvanie.html','http://design.loc/',1,'design.loc',NULL,'Google Chrome','47.0.2526.73','linux',1453730068,1453469816),(214,2130706433,'Mozilla/5.0 (X11; Linux x86_64) AppleWebKit/537.36 (KHTML, like Gecko) Ubuntu Chromium/47.0.2526.73 Chrome/47.0.2526.73 Safari/537.36','/post/17-nazvanie.html','http://design.loc/',1,'design.loc',NULL,'Google Chrome','47.0.2526.73','linux',1453730333,1453469816),(215,2130706433,'Mozilla/5.0 (X11; Linux x86_64) AppleWebKit/537.36 (KHTML, like Gecko) Ubuntu Chromium/47.0.2526.73 Chrome/47.0.2526.73 Safari/537.36','/post/17-nazvanie.html','http://design.loc/',1,'design.loc',NULL,'Google Chrome','47.0.2526.73','linux',1453730336,1453469816),(216,2130706433,'Mozilla/5.0 (X11; Linux x86_64) AppleWebKit/537.36 (KHTML, like Gecko) Ubuntu Chromium/47.0.2526.73 Chrome/47.0.2526.73 Safari/537.36','/post/17-nazvanie.html','http://design.loc/',1,'design.loc',NULL,'Google Chrome','47.0.2526.73','linux',1453730363,1453469816),(217,2130706433,'Mozilla/5.0 (X11; Linux x86_64) AppleWebKit/537.36 (KHTML, like Gecko) Ubuntu Chromium/47.0.2526.73 Chrome/47.0.2526.73 Safari/537.36','/post/17-nazvanie.html','http://design.loc/',1,'design.loc',NULL,'Google Chrome','47.0.2526.73','linux',1453730577,1453469816),(218,2130706433,'Mozilla/5.0 (X11; Linux x86_64) AppleWebKit/537.36 (KHTML, like Gecko) Ubuntu Chromium/47.0.2526.73 Chrome/47.0.2526.73 Safari/537.36','/comment/post/','http://design.loc/post/17-nazvanie.html',1,'design.loc',NULL,'Google Chrome','47.0.2526.73','linux',1453730582,1453469816),(219,2130706433,'Mozilla/5.0 (X11; Linux x86_64) AppleWebKit/537.36 (KHTML, like Gecko) Ubuntu Chromium/47.0.2526.73 Chrome/47.0.2526.73 Safari/537.36','/post/17-nazvanie.html','http://design.loc/',1,'design.loc',NULL,'Google Chrome','47.0.2526.73','linux',1453730633,1453469816),(220,2130706433,'Mozilla/5.0 (X11; Linux x86_64) AppleWebKit/537.36 (KHTML, like Gecko) Ubuntu Chromium/47.0.2526.73 Chrome/47.0.2526.73 Safari/537.36','/comment/post/publ17','http://design.loc/post/17-nazvanie.html',1,'design.loc',NULL,'Google Chrome','47.0.2526.73','linux',1453730640,1453469816),(221,2130706433,'Mozilla/5.0 (X11; Linux x86_64) AppleWebKit/537.36 (KHTML, like Gecko) Ubuntu Chromium/47.0.2526.73 Chrome/47.0.2526.73 Safari/537.36','/post/17-nazvanie.html','http://design.loc/',1,'design.loc',NULL,'Google Chrome','47.0.2526.73','linux',1453730685,1453469816),(222,2130706433,'Mozilla/5.0 (X11; Linux x86_64) AppleWebKit/537.36 (KHTML, like Gecko) Ubuntu Chromium/47.0.2526.73 Chrome/47.0.2526.73 Safari/537.36','/post/17-nazvanie.html','http://design.loc/',1,'design.loc',NULL,'Google Chrome','47.0.2526.73','linux',1453730691,1453469816),(223,2130706433,'Mozilla/5.0 (X11; Linux x86_64) AppleWebKit/537.36 (KHTML, like Gecko) Ubuntu Chromium/47.0.2526.73 Chrome/47.0.2526.73 Safari/537.36','/comment/post/publ17','http://design.loc/post/17-nazvanie.html',1,'design.loc',NULL,'Google Chrome','47.0.2526.73','linux',1453730696,1453469816),(224,2130706433,'Mozilla/5.0 (X11; Linux x86_64) AppleWebKit/537.36 (KHTML, like Gecko) Ubuntu Chromium/47.0.2526.73 Chrome/47.0.2526.73 Safari/537.36','/comment/post/publ17','http://design.loc/post/17-nazvanie.html',1,'design.loc',NULL,'Google Chrome','47.0.2526.73','linux',1453730700,1453469816),(225,2130706433,'Mozilla/5.0 (X11; Linux x86_64) AppleWebKit/537.36 (KHTML, like Gecko) Ubuntu Chromium/47.0.2526.73 Chrome/47.0.2526.73 Safari/537.36','/post/17-nazvanie.html','http://design.loc/',1,'design.loc',NULL,'Google Chrome','47.0.2526.73','linux',1453731159,1453469816),(226,2130706433,'Mozilla/5.0 (X11; Linux x86_64) AppleWebKit/537.36 (KHTML, like Gecko) Ubuntu Chromium/47.0.2526.73 Chrome/47.0.2526.73 Safari/537.36','/comment/post/publ17','http://design.loc/post/17-nazvanie.html',1,'design.loc',NULL,'Google Chrome','47.0.2526.73','linux',1453731165,1453469816),(227,2130706433,'Mozilla/5.0 (X11; Linux x86_64) AppleWebKit/537.36 (KHTML, like Gecko) Ubuntu Chromium/47.0.2526.73 Chrome/47.0.2526.73 Safari/537.36','/post/17-nazvanie.html','http://design.loc/',1,'design.loc',NULL,'Google Chrome','47.0.2526.73','linux',1453731256,1453469816),(228,2130706433,'Mozilla/5.0 (X11; Linux x86_64) AppleWebKit/537.36 (KHTML, like Gecko) Ubuntu Chromium/47.0.2526.73 Chrome/47.0.2526.73 Safari/537.36','/comment/post/publ17','http://design.loc/post/17-nazvanie.html',1,'design.loc',NULL,'Google Chrome','47.0.2526.73','linux',1453731260,1453469816),(229,2130706433,'Mozilla/5.0 (X11; Linux x86_64) AppleWebKit/537.36 (KHTML, like Gecko) Ubuntu Chromium/47.0.2526.73 Chrome/47.0.2526.73 Safari/537.36','/post/17-nazvanie.html','http://design.loc/',1,'design.loc',NULL,'Google Chrome','47.0.2526.73','linux',1453731488,1453469816),(230,2130706433,'Mozilla/5.0 (X11; Linux x86_64) AppleWebKit/537.36 (KHTML, like Gecko) Ubuntu Chromium/47.0.2526.73 Chrome/47.0.2526.73 Safari/537.36','/comment/post/publ17','http://design.loc/post/17-nazvanie.html',1,'design.loc',NULL,'Google Chrome','47.0.2526.73','linux',1453731492,1453469816),(231,2130706433,'Mozilla/5.0 (X11; Linux x86_64) AppleWebKit/537.36 (KHTML, like Gecko) Ubuntu Chromium/47.0.2526.73 Chrome/47.0.2526.73 Safari/537.36','/post/17-nazvanie.html','http://design.loc/',1,'design.loc',NULL,'Google Chrome','47.0.2526.73','linux',1453731520,1453469816),(232,2130706433,'Mozilla/5.0 (X11; Linux x86_64) AppleWebKit/537.36 (KHTML, like Gecko) Ubuntu Chromium/47.0.2526.73 Chrome/47.0.2526.73 Safari/537.36','/post/17-nazvanie.html','http://design.loc/',1,'design.loc',NULL,'Google Chrome','47.0.2526.73','linux',1453731542,1453469816),(233,2130706433,'Mozilla/5.0 (X11; Linux x86_64) AppleWebKit/537.36 (KHTML, like Gecko) Ubuntu Chromium/47.0.2526.73 Chrome/47.0.2526.73 Safari/537.36','/post/17-nazvanie.html','http://design.loc/',1,'design.loc',NULL,'Google Chrome','47.0.2526.73','linux',1453731544,1453469816),(234,2130706433,'Mozilla/5.0 (X11; Linux x86_64) AppleWebKit/537.36 (KHTML, like Gecko) Ubuntu Chromium/47.0.2526.73 Chrome/47.0.2526.73 Safari/537.36','/post/17-nazvanie.html','http://design.loc/',1,'design.loc',NULL,'Google Chrome','47.0.2526.73','linux',1453731555,1453469816),(235,2130706433,'Mozilla/5.0 (X11; Linux x86_64) AppleWebKit/537.36 (KHTML, like Gecko) Ubuntu Chromium/47.0.2526.73 Chrome/47.0.2526.73 Safari/537.36','/post/17-nazvanie.html','http://design.loc/',1,'design.loc',NULL,'Google Chrome','47.0.2526.73','linux',1453731556,1453469816),(236,2130706433,'Mozilla/5.0 (X11; Linux x86_64) AppleWebKit/537.36 (KHTML, like Gecko) Ubuntu Chromium/47.0.2526.73 Chrome/47.0.2526.73 Safari/537.36','/post/17-nazvanie.html','http://design.loc/',1,'design.loc',NULL,'Google Chrome','47.0.2526.73','linux',1453731619,1453469816),(237,2130706433,'Mozilla/5.0 (X11; Linux x86_64) AppleWebKit/537.36 (KHTML, like Gecko) Ubuntu Chromium/47.0.2526.73 Chrome/47.0.2526.73 Safari/537.36','/post/17-nazvanie.html','http://design.loc/',1,'design.loc',NULL,'Google Chrome','47.0.2526.73','linux',1453731678,1453469816),(238,2130706433,'Mozilla/5.0 (X11; Linux x86_64) AppleWebKit/537.36 (KHTML, like Gecko) Ubuntu Chromium/47.0.2526.73 Chrome/47.0.2526.73 Safari/537.36','/post/17-nazvanie.html','http://design.loc/',1,'design.loc',NULL,'Google Chrome','47.0.2526.73','linux',1453731706,1453469816),(239,2130706433,'Mozilla/5.0 (X11; Linux x86_64) AppleWebKit/537.36 (KHTML, like Gecko) Ubuntu Chromium/47.0.2526.73 Chrome/47.0.2526.73 Safari/537.36','/post/17-nazvanie.html','http://design.loc/',1,'design.loc',NULL,'Google Chrome','47.0.2526.73','linux',1453731718,1453469816),(240,2130706433,'Mozilla/5.0 (X11; Linux x86_64) AppleWebKit/537.36 (KHTML, like Gecko) Ubuntu Chromium/47.0.2526.73 Chrome/47.0.2526.73 Safari/537.36','/post/17-nazvanie.html','http://design.loc/',1,'design.loc',NULL,'Google Chrome','47.0.2526.73','linux',1453731719,1453469816),(241,2130706433,'Mozilla/5.0 (X11; Linux x86_64) AppleWebKit/537.36 (KHTML, like Gecko) Ubuntu Chromium/47.0.2526.73 Chrome/47.0.2526.73 Safari/537.36','/post/17-nazvanie.html','http://design.loc/',1,'design.loc',NULL,'Google Chrome','47.0.2526.73','linux',1453731724,1453469816),(242,2130706433,'Mozilla/5.0 (X11; Linux x86_64) AppleWebKit/537.36 (KHTML, like Gecko) Ubuntu Chromium/47.0.2526.73 Chrome/47.0.2526.73 Safari/537.36','/post/17-nazvanie.html','http://design.loc/',1,'design.loc',NULL,'Google Chrome','47.0.2526.73','linux',1453731754,1453469816),(243,2130706433,'Mozilla/5.0 (X11; Linux x86_64) AppleWebKit/537.36 (KHTML, like Gecko) Ubuntu Chromium/47.0.2526.73 Chrome/47.0.2526.73 Safari/537.36','/post/17-nazvanie.html','http://design.loc/',1,'design.loc',NULL,'Google Chrome','47.0.2526.73','linux',1453731761,1453469816),(244,2130706433,'Mozilla/5.0 (X11; Linux x86_64) AppleWebKit/537.36 (KHTML, like Gecko) Ubuntu Chromium/47.0.2526.73 Chrome/47.0.2526.73 Safari/537.36','/post/17-nazvanie.html','http://design.loc/',1,'design.loc',NULL,'Google Chrome','47.0.2526.73','linux',1453731778,1453469816),(245,2130706433,'Mozilla/5.0 (X11; Linux x86_64) AppleWebKit/537.36 (KHTML, like Gecko) Ubuntu Chromium/47.0.2526.73 Chrome/47.0.2526.73 Safari/537.36','/post/17-nazvanie.html','http://design.loc/',1,'design.loc',NULL,'Google Chrome','47.0.2526.73','linux',1453731779,1453469816),(246,2130706433,'Mozilla/5.0 (X11; Linux x86_64) AppleWebKit/537.36 (KHTML, like Gecko) Ubuntu Chromium/47.0.2526.73 Chrome/47.0.2526.73 Safari/537.36','/post/17-nazvanie.html','http://design.loc/',1,'design.loc',NULL,'Google Chrome','47.0.2526.73','linux',1453731779,1453469816),(247,2130706433,'Mozilla/5.0 (X11; Linux x86_64) AppleWebKit/537.36 (KHTML, like Gecko) Ubuntu Chromium/47.0.2526.73 Chrome/47.0.2526.73 Safari/537.36','/post/17-nazvanie.html','http://design.loc/',1,'design.loc',NULL,'Google Chrome','47.0.2526.73','linux',1453731784,1453469816),(248,2130706433,'Mozilla/5.0 (X11; Linux x86_64) AppleWebKit/537.36 (KHTML, like Gecko) Ubuntu Chromium/47.0.2526.73 Chrome/47.0.2526.73 Safari/537.36','/post/17-nazvanie.html','http://design.loc/',1,'design.loc',NULL,'Google Chrome','47.0.2526.73','linux',1453731806,1453469816),(249,2130706433,'Mozilla/5.0 (X11; Linux x86_64) AppleWebKit/537.36 (KHTML, like Gecko) Ubuntu Chromium/47.0.2526.73 Chrome/47.0.2526.73 Safari/537.36','/post/17-nazvanie.html','http://design.loc/',1,'design.loc',NULL,'Google Chrome','47.0.2526.73','linux',1453731811,1453469816),(250,2130706433,'Mozilla/5.0 (X11; Linux x86_64) AppleWebKit/537.36 (KHTML, like Gecko) Ubuntu Chromium/47.0.2526.73 Chrome/47.0.2526.73 Safari/537.36','/post/17-nazvanie.html','http://design.loc/',1,'design.loc',NULL,'Google Chrome','47.0.2526.73','linux',1453731816,1453469816),(251,2130706433,'Mozilla/5.0 (X11; Linux x86_64) AppleWebKit/537.36 (KHTML, like Gecko) Ubuntu Chromium/47.0.2526.73 Chrome/47.0.2526.73 Safari/537.36','/post/17-nazvanie.html','http://design.loc/',1,'design.loc',NULL,'Google Chrome','47.0.2526.73','linux',1453731837,1453469816),(252,2130706433,'Mozilla/5.0 (X11; Linux x86_64) AppleWebKit/537.36 (KHTML, like Gecko) Ubuntu Chromium/47.0.2526.73 Chrome/47.0.2526.73 Safari/537.36','/post/17-nazvanie.html','http://design.loc/',1,'design.loc',NULL,'Google Chrome','47.0.2526.73','linux',1453731865,1453469816),(253,2130706433,'Mozilla/5.0 (X11; Linux x86_64) AppleWebKit/537.36 (KHTML, like Gecko) Ubuntu Chromium/47.0.2526.73 Chrome/47.0.2526.73 Safari/537.36','/post/17-nazvanie.html','http://design.loc/',1,'design.loc',NULL,'Google Chrome','47.0.2526.73','linux',1453731866,1453469816),(254,2130706433,'Mozilla/5.0 (X11; Linux x86_64) AppleWebKit/537.36 (KHTML, like Gecko) Ubuntu Chromium/47.0.2526.73 Chrome/47.0.2526.73 Safari/537.36','/post/17-nazvanie.html','http://design.loc/',1,'design.loc',NULL,'Google Chrome','47.0.2526.73','linux',1453731913,1453469816),(255,2130706433,'Mozilla/5.0 (X11; Linux x86_64) AppleWebKit/537.36 (KHTML, like Gecko) Ubuntu Chromium/47.0.2526.73 Chrome/47.0.2526.73 Safari/537.36','/post/17-nazvanie.html','http://design.loc/',1,'design.loc',NULL,'Google Chrome','47.0.2526.73','linux',1453731943,1453469816),(256,2130706433,'Mozilla/5.0 (X11; Linux x86_64) AppleWebKit/537.36 (KHTML, like Gecko) Ubuntu Chromium/47.0.2526.73 Chrome/47.0.2526.73 Safari/537.36','/post/17-nazvanie.html','http://design.loc/',1,'design.loc',NULL,'Google Chrome','47.0.2526.73','linux',1453731949,1453469816),(257,2130706433,'Mozilla/5.0 (X11; Linux x86_64) AppleWebKit/537.36 (KHTML, like Gecko) Ubuntu Chromium/47.0.2526.73 Chrome/47.0.2526.73 Safari/537.36','/post/17-nazvanie.html','http://design.loc/',1,'design.loc',NULL,'Google Chrome','47.0.2526.73','linux',1453731958,1453469816),(258,2130706433,'Mozilla/5.0 (X11; Linux x86_64) AppleWebKit/537.36 (KHTML, like Gecko) Ubuntu Chromium/47.0.2526.73 Chrome/47.0.2526.73 Safari/537.36','/post/17-nazvanie.html','http://design.loc/',1,'design.loc',NULL,'Google Chrome','47.0.2526.73','linux',1453731962,1453469816),(259,2130706433,'Mozilla/5.0 (X11; Linux x86_64) AppleWebKit/537.36 (KHTML, like Gecko) Ubuntu Chromium/47.0.2526.73 Chrome/47.0.2526.73 Safari/537.36','/post/17-nazvanie.html','http://design.loc/',1,'design.loc',NULL,'Google Chrome','47.0.2526.73','linux',1453731979,1453469816),(260,2130706433,'Mozilla/5.0 (X11; Linux x86_64) AppleWebKit/537.36 (KHTML, like Gecko) Ubuntu Chromium/47.0.2526.73 Chrome/47.0.2526.73 Safari/537.36','/post/17-nazvanie.html','http://design.loc/',1,'design.loc',NULL,'Google Chrome','47.0.2526.73','linux',1453731995,1453469816),(261,2130706433,'Mozilla/5.0 (X11; Linux x86_64) AppleWebKit/537.36 (KHTML, like Gecko) Ubuntu Chromium/47.0.2526.73 Chrome/47.0.2526.73 Safari/537.36','/post/17-nazvanie.html','http://design.loc/',1,'design.loc',NULL,'Google Chrome','47.0.2526.73','linux',1453732000,1453469816),(262,2130706433,'Mozilla/5.0 (X11; Linux x86_64) AppleWebKit/537.36 (KHTML, like Gecko) Ubuntu Chromium/47.0.2526.73 Chrome/47.0.2526.73 Safari/537.36','/post/17-nazvanie.html','http://design.loc/',1,'design.loc',NULL,'Google Chrome','47.0.2526.73','linux',1453732073,1453469816),(263,2130706433,'Mozilla/5.0 (X11; Linux x86_64) AppleWebKit/537.36 (KHTML, like Gecko) Ubuntu Chromium/47.0.2526.73 Chrome/47.0.2526.73 Safari/537.36','/post/17-nazvanie.html','http://design.loc/',1,'design.loc',NULL,'Google Chrome','47.0.2526.73','linux',1453732076,1453469816),(264,2130706433,'Mozilla/5.0 (X11; Linux x86_64) AppleWebKit/537.36 (KHTML, like Gecko) Ubuntu Chromium/47.0.2526.73 Chrome/47.0.2526.73 Safari/537.36','/post/17-nazvanie.html','http://design.loc/',1,'design.loc',NULL,'Google Chrome','47.0.2526.73','linux',1453732115,1453469816),(265,2130706433,'Mozilla/5.0 (X11; Linux x86_64) AppleWebKit/537.36 (KHTML, like Gecko) Ubuntu Chromium/47.0.2526.73 Chrome/47.0.2526.73 Safari/537.36','/post/17-nazvanie.html','http://design.loc/',1,'design.loc',NULL,'Google Chrome','47.0.2526.73','linux',1453732170,1453469816),(266,2130706433,'Mozilla/5.0 (X11; Linux x86_64) AppleWebKit/537.36 (KHTML, like Gecko) Ubuntu Chromium/47.0.2526.73 Chrome/47.0.2526.73 Safari/537.36','/post/17-nazvanie.html','http://design.loc/',1,'design.loc',NULL,'Google Chrome','47.0.2526.73','linux',1453732241,1453469816),(267,2130706433,'Mozilla/5.0 (X11; Linux x86_64) AppleWebKit/537.36 (KHTML, like Gecko) Ubuntu Chromium/47.0.2526.73 Chrome/47.0.2526.73 Safari/537.36','/post/17-nazvanie.html','http://design.loc/',1,'design.loc',NULL,'Google Chrome','47.0.2526.73','linux',1453732250,1453469816),(268,2130706433,'Mozilla/5.0 (X11; Linux x86_64) AppleWebKit/537.36 (KHTML, like Gecko) Ubuntu Chromium/47.0.2526.73 Chrome/47.0.2526.73 Safari/537.36','/comment/post/publ17','http://design.loc/post/17-nazvanie.html',1,'design.loc',NULL,'Google Chrome','47.0.2526.73','linux',1453732263,1453469816),(269,2130706433,'Mozilla/5.0 (X11; Linux x86_64) AppleWebKit/537.36 (KHTML, like Gecko) Ubuntu Chromium/47.0.2526.73 Chrome/47.0.2526.73 Safari/537.36','/post/17-nazvanie.html','http://design.loc/',1,'design.loc',NULL,'Google Chrome','47.0.2526.73','linux',1453732265,1453469816),(270,2130706433,'Mozilla/5.0 (X11; Linux x86_64) AppleWebKit/537.36 (KHTML, like Gecko) Ubuntu Chromium/47.0.2526.73 Chrome/47.0.2526.73 Safari/537.36','/post/17-nazvanie.html','http://design.loc/',1,'design.loc',NULL,'Google Chrome','47.0.2526.73','linux',1453732267,1453469816),(271,2130706433,'Mozilla/5.0 (X11; Linux x86_64) AppleWebKit/537.36 (KHTML, like Gecko) Ubuntu Chromium/47.0.2526.73 Chrome/47.0.2526.73 Safari/537.36','/post/17-nazvanie.html','http://design.loc/',1,'design.loc',NULL,'Google Chrome','47.0.2526.73','linux',1453732313,1453469816),(272,2130706433,'Mozilla/5.0 (X11; Linux x86_64) AppleWebKit/537.36 (KHTML, like Gecko) Ubuntu Chromium/47.0.2526.73 Chrome/47.0.2526.73 Safari/537.36','/post/17-nazvanie.html','http://design.loc/',1,'design.loc',NULL,'Google Chrome','47.0.2526.73','linux',1453732315,1453469816),(273,2130706433,'Mozilla/5.0 (X11; Linux x86_64) AppleWebKit/537.36 (KHTML, like Gecko) Ubuntu Chromium/47.0.2526.73 Chrome/47.0.2526.73 Safari/537.36','/comment/post/7','http://design.loc/post/17-nazvanie.html',1,'design.loc',NULL,'Google Chrome','47.0.2526.73','linux',1453732322,1453469816),(274,2130706433,'Mozilla/5.0 (X11; Linux x86_64) AppleWebKit/537.36 (KHTML, like Gecko) Ubuntu Chromium/47.0.2526.73 Chrome/47.0.2526.73 Safari/537.36','/post/17-nazvanie.html','http://design.loc/',1,'design.loc',NULL,'Google Chrome','47.0.2526.73','linux',1453732324,1453469816),(275,2130706433,'Mozilla/5.0 (X11; Linux x86_64) AppleWebKit/537.36 (KHTML, like Gecko) Ubuntu Chromium/47.0.2526.73 Chrome/47.0.2526.73 Safari/537.36','/post/17-nazvanie.html','http://design.loc/',1,'design.loc',NULL,'Google Chrome','47.0.2526.73','linux',1453732405,1453469816),(276,2130706433,'Mozilla/5.0 (X11; Linux x86_64) AppleWebKit/537.36 (KHTML, like Gecko) Ubuntu Chromium/47.0.2526.73 Chrome/47.0.2526.73 Safari/537.36','/comment/post/publ17','http://design.loc/post/17-nazvanie.html',1,'design.loc',NULL,'Google Chrome','47.0.2526.73','linux',1453732408,1453469816),(277,2130706433,'Mozilla/5.0 (X11; Linux x86_64) AppleWebKit/537.36 (KHTML, like Gecko) Ubuntu Chromium/47.0.2526.73 Chrome/47.0.2526.73 Safari/537.36','/comment/post/9','http://design.loc/post/17-nazvanie.html',1,'design.loc',NULL,'Google Chrome','47.0.2526.73','linux',1453732414,1453469816),(278,2130706433,'Mozilla/5.0 (X11; Linux x86_64) AppleWebKit/537.36 (KHTML, like Gecko) Ubuntu Chromium/47.0.2526.73 Chrome/47.0.2526.73 Safari/537.36','/post/17-nazvanie.html','http://design.loc/',1,'design.loc',NULL,'Google Chrome','47.0.2526.73','linux',1453732512,1453469816),(279,2130706433,'Mozilla/5.0 (X11; Linux x86_64) AppleWebKit/537.36 (KHTML, like Gecko) Ubuntu Chromium/47.0.2526.73 Chrome/47.0.2526.73 Safari/537.36','/comment/post/9','http://design.loc/post/17-nazvanie.html',1,'design.loc',NULL,'Google Chrome','47.0.2526.73','linux',1453732518,1453469816),(280,2130706433,'Mozilla/5.0 (X11; Linux x86_64) AppleWebKit/537.36 (KHTML, like Gecko) Ubuntu Chromium/47.0.2526.73 Chrome/47.0.2526.73 Safari/537.36','/post/17-nazvanie.html','http://design.loc/',1,'design.loc',NULL,'Google Chrome','47.0.2526.73','linux',1453732520,1453469816),(281,2130706433,'Mozilla/5.0 (X11; Linux x86_64) AppleWebKit/537.36 (KHTML, like Gecko) Ubuntu Chromium/47.0.2526.73 Chrome/47.0.2526.73 Safari/537.36','/post/17-nazvanie.html','http://design.loc/',1,'design.loc',NULL,'Google Chrome','47.0.2526.73','linux',1453732543,1453469816),(282,2130706433,'Mozilla/5.0 (X11; Linux x86_64) AppleWebKit/537.36 (KHTML, like Gecko) Ubuntu Chromium/47.0.2526.73 Chrome/47.0.2526.73 Safari/537.36','/comment/post/9','http://design.loc/post/17-nazvanie.html',1,'design.loc',NULL,'Google Chrome','47.0.2526.73','linux',1453732547,1453469816),(283,2130706433,'Mozilla/5.0 (X11; Linux x86_64) AppleWebKit/537.36 (KHTML, like Gecko) Ubuntu Chromium/47.0.2526.73 Chrome/47.0.2526.73 Safari/537.36','/post/17-nazvanie.html','http://design.loc/',1,'design.loc',NULL,'Google Chrome','47.0.2526.73','linux',1453732613,1453469816),(284,2130706433,'Mozilla/5.0 (X11; Linux x86_64) AppleWebKit/537.36 (KHTML, like Gecko) Ubuntu Chromium/47.0.2526.73 Chrome/47.0.2526.73 Safari/537.36','/post/17-nazvanie.html','http://design.loc/',1,'design.loc',NULL,'Google Chrome','47.0.2526.73','linux',1453732620,1453469816),(285,2130706433,'Mozilla/5.0 (X11; Linux x86_64) AppleWebKit/537.36 (KHTML, like Gecko) Ubuntu Chromium/47.0.2526.73 Chrome/47.0.2526.73 Safari/537.36','/post/17-nazvanie.html','http://design.loc/',1,'design.loc',NULL,'Google Chrome','47.0.2526.73','linux',1453732655,1453469816),(286,2130706433,'Mozilla/5.0 (X11; Linux x86_64) AppleWebKit/537.36 (KHTML, like Gecko) Ubuntu Chromium/47.0.2526.73 Chrome/47.0.2526.73 Safari/537.36','/post/17-nazvanie.html','http://design.loc/',1,'design.loc',NULL,'Google Chrome','47.0.2526.73','linux',1453732681,1453469816),(287,2130706433,'Mozilla/5.0 (X11; Linux x86_64) AppleWebKit/537.36 (KHTML, like Gecko) Ubuntu Chromium/47.0.2526.73 Chrome/47.0.2526.73 Safari/537.36','/post/17-nazvanie.html','http://design.loc/',1,'design.loc',NULL,'Google Chrome','47.0.2526.73','linux',1453732689,1453469816),(288,2130706433,'Mozilla/5.0 (X11; Linux x86_64) AppleWebKit/537.36 (KHTML, like Gecko) Ubuntu Chromium/47.0.2526.73 Chrome/47.0.2526.73 Safari/537.36','/post/17-nazvanie.html','http://design.loc/',1,'design.loc',NULL,'Google Chrome','47.0.2526.73','linux',1453732691,1453469816),(289,2130706433,'Mozilla/5.0 (X11; Linux x86_64) AppleWebKit/537.36 (KHTML, like Gecko) Ubuntu Chromium/47.0.2526.73 Chrome/47.0.2526.73 Safari/537.36','/post/17-nazvanie.html','http://design.loc/',1,'design.loc',NULL,'Google Chrome','47.0.2526.73','linux',1453732710,1453469816),(290,2130706433,'Mozilla/5.0 (X11; Linux x86_64) AppleWebKit/537.36 (KHTML, like Gecko) Ubuntu Chromium/47.0.2526.73 Chrome/47.0.2526.73 Safari/537.36','/post/17-nazvanie.html','http://design.loc/',1,'design.loc',NULL,'Google Chrome','47.0.2526.73','linux',1453732717,1453469816),(291,2130706433,'Mozilla/5.0 (X11; Linux x86_64) AppleWebKit/537.36 (KHTML, like Gecko) Ubuntu Chromium/47.0.2526.73 Chrome/47.0.2526.73 Safari/537.36','/post/17-nazvanie.html','http://design.loc/',1,'design.loc',NULL,'Google Chrome','47.0.2526.73','linux',1453732721,1453469816),(292,2130706433,'Mozilla/5.0 (X11; Linux x86_64) AppleWebKit/537.36 (KHTML, like Gecko) Ubuntu Chromium/47.0.2526.73 Chrome/47.0.2526.73 Safari/537.36','/post/17-nazvanie.html','http://design.loc/',1,'design.loc',NULL,'Google Chrome','47.0.2526.73','linux',1453732726,1453469816),(293,2130706433,'Mozilla/5.0 (X11; Linux x86_64) AppleWebKit/537.36 (KHTML, like Gecko) Ubuntu Chromium/47.0.2526.73 Chrome/47.0.2526.73 Safari/537.36','/comment/post/9','http://design.loc/post/17-nazvanie.html',1,'design.loc',NULL,'Google Chrome','47.0.2526.73','linux',1453732733,1453469816),(294,2130706433,'Mozilla/5.0 (X11; Linux x86_64) AppleWebKit/537.36 (KHTML, like Gecko) Ubuntu Chromium/47.0.2526.73 Chrome/47.0.2526.73 Safari/537.36','/comment/post/9','http://design.loc/post/17-nazvanie.html',1,'design.loc',NULL,'Google Chrome','47.0.2526.73','linux',1453732752,1453469816),(295,2130706433,'Mozilla/5.0 (X11; Linux x86_64) AppleWebKit/537.36 (KHTML, like Gecko) Ubuntu Chromium/47.0.2526.73 Chrome/47.0.2526.73 Safari/537.36','/post/17-nazvanie.html','http://design.loc/',1,'design.loc',NULL,'Google Chrome','47.0.2526.73','linux',1453732807,1453469816),(296,2130706433,'Mozilla/5.0 (X11; Linux x86_64) AppleWebKit/537.36 (KHTML, like Gecko) Ubuntu Chromium/47.0.2526.73 Chrome/47.0.2526.73 Safari/537.36','/post/17-nazvanie.html','http://design.loc/',1,'design.loc',NULL,'Google Chrome','47.0.2526.73','linux',1453732844,1453469816),(297,2130706433,'Mozilla/5.0 (X11; Linux x86_64) AppleWebKit/537.36 (KHTML, like Gecko) Ubuntu Chromium/47.0.2526.73 Chrome/47.0.2526.73 Safari/537.36','/post/17-nazvanie.html','http://design.loc/',1,'design.loc',NULL,'Google Chrome','47.0.2526.73','linux',1453732875,1453469816),(298,2130706433,'Mozilla/5.0 (X11; Linux x86_64) AppleWebKit/537.36 (KHTML, like Gecko) Ubuntu Chromium/47.0.2526.73 Chrome/47.0.2526.73 Safari/537.36','/post/17-nazvanie.html','http://design.loc/',1,'design.loc',NULL,'Google Chrome','47.0.2526.73','linux',1453732883,1453469816),(299,2130706433,'Mozilla/5.0 (X11; Linux x86_64) AppleWebKit/537.36 (KHTML, like Gecko) Ubuntu Chromium/47.0.2526.73 Chrome/47.0.2526.73 Safari/537.36','/post/17-nazvanie.html','http://design.loc/',1,'design.loc',NULL,'Google Chrome','47.0.2526.73','linux',1453732899,1453469816),(300,2130706433,'Mozilla/5.0 (X11; Linux x86_64) AppleWebKit/537.36 (KHTML, like Gecko) Ubuntu Chromium/47.0.2526.73 Chrome/47.0.2526.73 Safari/537.36','/post/17-nazvanie.html','http://design.loc/',1,'design.loc',NULL,'Google Chrome','47.0.2526.73','linux',1453732909,1453469816),(301,2130706433,'Mozilla/5.0 (X11; Linux x86_64) AppleWebKit/537.36 (KHTML, like Gecko) Ubuntu Chromium/47.0.2526.73 Chrome/47.0.2526.73 Safari/537.36','/post/17-nazvanie.html','http://design.loc/',1,'design.loc',NULL,'Google Chrome','47.0.2526.73','linux',1453732928,1453469816),(302,2130706433,'Mozilla/5.0 (X11; Linux x86_64) AppleWebKit/537.36 (KHTML, like Gecko) Ubuntu Chromium/47.0.2526.73 Chrome/47.0.2526.73 Safari/537.36','/post/17-nazvanie.html','http://design.loc/',1,'design.loc',NULL,'Google Chrome','47.0.2526.73','linux',1453732934,1453469816),(303,2130706433,'Mozilla/5.0 (X11; Linux x86_64) AppleWebKit/537.36 (KHTML, like Gecko) Ubuntu Chromium/47.0.2526.73 Chrome/47.0.2526.73 Safari/537.36','/post/17-nazvanie.html','http://design.loc/',1,'design.loc',NULL,'Google Chrome','47.0.2526.73','linux',1453732937,1453469816),(304,2130706433,'Mozilla/5.0 (X11; Linux x86_64) AppleWebKit/537.36 (KHTML, like Gecko) Ubuntu Chromium/47.0.2526.73 Chrome/47.0.2526.73 Safari/537.36','/post/17-nazvanie.html','http://design.loc/',1,'design.loc',NULL,'Google Chrome','47.0.2526.73','linux',1453732954,1453469816),(305,2130706433,'Mozilla/5.0 (X11; Linux x86_64) AppleWebKit/537.36 (KHTML, like Gecko) Ubuntu Chromium/47.0.2526.73 Chrome/47.0.2526.73 Safari/537.36','/post/17-nazvanie.html','http://design.loc/',1,'design.loc',NULL,'Google Chrome','47.0.2526.73','linux',1453732998,1453469816),(306,2130706433,'Mozilla/5.0 (X11; Linux x86_64) AppleWebKit/537.36 (KHTML, like Gecko) Ubuntu Chromium/47.0.2526.73 Chrome/47.0.2526.73 Safari/537.36','/post/17-nazvanie.html','http://design.loc/',1,'design.loc',NULL,'Google Chrome','47.0.2526.73','linux',1453733050,1453469816),(307,2130706433,'Mozilla/5.0 (X11; Linux x86_64) AppleWebKit/537.36 (KHTML, like Gecko) Ubuntu Chromium/47.0.2526.73 Chrome/47.0.2526.73 Safari/537.36','/post/17-nazvanie.html','http://design.loc/',1,'design.loc',NULL,'Google Chrome','47.0.2526.73','linux',1453733081,1453469816),(308,2130706433,'Mozilla/5.0 (X11; Linux x86_64) AppleWebKit/537.36 (KHTML, like Gecko) Ubuntu Chromium/47.0.2526.73 Chrome/47.0.2526.73 Safari/537.36','/post/17-nazvanie.html','http://design.loc/',1,'design.loc',NULL,'Google Chrome','47.0.2526.73','linux',1453733082,1453469816),(309,2130706433,'Mozilla/5.0 (X11; Linux x86_64) AppleWebKit/537.36 (KHTML, like Gecko) Ubuntu Chromium/47.0.2526.73 Chrome/47.0.2526.73 Safari/537.36','/comment/post/9','http://design.loc/post/17-nazvanie.html',1,'design.loc',NULL,'Google Chrome','47.0.2526.73','linux',1453733088,1453469816),(310,2130706433,'Mozilla/5.0 (X11; Linux x86_64) AppleWebKit/537.36 (KHTML, like Gecko) Ubuntu Chromium/47.0.2526.73 Chrome/47.0.2526.73 Safari/537.36','/post/17-nazvanie.html','http://design.loc/',1,'design.loc',NULL,'Google Chrome','47.0.2526.73','linux',1453733476,1453469816),(311,2130706433,'Mozilla/5.0 (X11; Linux x86_64) AppleWebKit/537.36 (KHTML, like Gecko) Ubuntu Chromium/47.0.2526.73 Chrome/47.0.2526.73 Safari/537.36','/comment/post/9','http://design.loc/post/17-nazvanie.html',1,'design.loc',NULL,'Google Chrome','47.0.2526.73','linux',1453733484,1453469816),(312,2130706433,'Mozilla/5.0 (X11; Linux x86_64) AppleWebKit/537.36 (KHTML, like Gecko) Ubuntu Chromium/47.0.2526.73 Chrome/47.0.2526.73 Safari/537.36','/comment/post/9','http://design.loc/post/17-nazvanie.html',1,'design.loc',NULL,'Google Chrome','47.0.2526.73','linux',1453733488,1453469816),(313,2130706433,'Mozilla/5.0 (X11; Linux x86_64) AppleWebKit/537.36 (KHTML, like Gecko) Ubuntu Chromium/47.0.2526.73 Chrome/47.0.2526.73 Safari/537.36','/post/17-nazvanie.html','http://design.loc/',1,'design.loc',NULL,'Google Chrome','47.0.2526.73','linux',1453733494,1453469816),(314,2130706433,'Mozilla/5.0 (X11; Linux x86_64) AppleWebKit/537.36 (KHTML, like Gecko) Ubuntu Chromium/47.0.2526.73 Chrome/47.0.2526.73 Safari/537.36','/post/17-nazvanie.html','http://design.loc/',1,'design.loc',NULL,'Google Chrome','47.0.2526.73','linux',1453733519,1453469816),(315,2130706433,'Mozilla/5.0 (X11; Linux x86_64) AppleWebKit/537.36 (KHTML, like Gecko) Ubuntu Chromium/47.0.2526.73 Chrome/47.0.2526.73 Safari/537.36','/post/17-nazvanie.html','http://design.loc/',1,'design.loc',NULL,'Google Chrome','47.0.2526.73','linux',1453733563,1453469816),(316,2130706433,'Mozilla/5.0 (X11; Linux x86_64) AppleWebKit/537.36 (KHTML, like Gecko) Ubuntu Chromium/47.0.2526.73 Chrome/47.0.2526.73 Safari/537.36','/comment/delete','http://design.loc/post/17-nazvanie.html',1,'design.loc',NULL,'Google Chrome','47.0.2526.73','linux',1453733569,1453469816),(317,2130706433,'Mozilla/5.0 (X11; Linux x86_64) AppleWebKit/537.36 (KHTML, like Gecko) Ubuntu Chromium/47.0.2526.73 Chrome/47.0.2526.73 Safari/537.36','/post/17-nazvanie.html','http://design.loc/',1,'design.loc',NULL,'Google Chrome','47.0.2526.73','linux',1453733572,1453469816),(318,2130706433,'Mozilla/5.0 (X11; Linux x86_64) AppleWebKit/537.36 (KHTML, like Gecko) Ubuntu Chromium/47.0.2526.73 Chrome/47.0.2526.73 Safari/537.36','/comment/delete','http://design.loc/post/17-nazvanie.html',1,'design.loc',NULL,'Google Chrome','47.0.2526.73','linux',1453733575,1453469816),(319,2130706433,'Mozilla/5.0 (X11; Linux x86_64) AppleWebKit/537.36 (KHTML, like Gecko) Ubuntu Chromium/47.0.2526.73 Chrome/47.0.2526.73 Safari/537.36','/post/17-nazvanie.html','http://design.loc/',1,'design.loc',NULL,'Google Chrome','47.0.2526.73','linux',1453733577,1453469816),(320,2130706433,'Mozilla/5.0 (X11; Linux x86_64) AppleWebKit/537.36 (KHTML, like Gecko) Ubuntu Chromium/47.0.2526.73 Chrome/47.0.2526.73 Safari/537.36','/post/17-nazvanie.html','http://design.loc/',1,'design.loc',NULL,'Google Chrome','47.0.2526.73','linux',1453733954,1453469816),(321,2130706433,'Mozilla/5.0 (X11; Linux x86_64) AppleWebKit/537.36 (KHTML, like Gecko) Ubuntu Chromium/47.0.2526.73 Chrome/47.0.2526.73 Safari/537.36','/comment/delete','http://design.loc/post/17-nazvanie.html',1,'design.loc',NULL,'Google Chrome','47.0.2526.73','linux',1453733957,1453469816),(322,2130706433,'Mozilla/5.0 (X11; Linux x86_64) AppleWebKit/537.36 (KHTML, like Gecko) Ubuntu Chromium/47.0.2526.73 Chrome/47.0.2526.73 Safari/537.36','/comment/delete','http://design.loc/post/17-nazvanie.html',1,'design.loc',NULL,'Google Chrome','47.0.2526.73','linux',1453733961,1453469816),(323,2130706433,'Mozilla/5.0 (X11; Linux x86_64) AppleWebKit/537.36 (KHTML, like Gecko) Ubuntu Chromium/47.0.2526.73 Chrome/47.0.2526.73 Safari/537.36','/comment/delete','http://design.loc/post/17-nazvanie.html',1,'design.loc',NULL,'Google Chrome','47.0.2526.73','linux',1453733963,1453469816),(324,2130706433,'Mozilla/5.0 (X11; Linux x86_64) AppleWebKit/537.36 (KHTML, like Gecko) Ubuntu Chromium/47.0.2526.73 Chrome/47.0.2526.73 Safari/537.36','/comment/delete','http://design.loc/post/17-nazvanie.html',1,'design.loc',NULL,'Google Chrome','47.0.2526.73','linux',1453733964,1453469816),(325,2130706433,'Mozilla/5.0 (X11; Linux x86_64) AppleWebKit/537.36 (KHTML, like Gecko) Ubuntu Chromium/47.0.2526.73 Chrome/47.0.2526.73 Safari/537.36','/comment/delete','http://design.loc/post/17-nazvanie.html',1,'design.loc',NULL,'Google Chrome','47.0.2526.73','linux',1453733965,1453469816),(326,2130706433,'Mozilla/5.0 (X11; Linux x86_64) AppleWebKit/537.36 (KHTML, like Gecko) Ubuntu Chromium/47.0.2526.73 Chrome/47.0.2526.73 Safari/537.36','/comment/delete','http://design.loc/post/17-nazvanie.html',1,'design.loc',NULL,'Google Chrome','47.0.2526.73','linux',1453733967,1453469816),(327,2130706433,'Mozilla/5.0 (X11; Linux x86_64) AppleWebKit/537.36 (KHTML, like Gecko) Ubuntu Chromium/47.0.2526.73 Chrome/47.0.2526.73 Safari/537.36','/post/17-nazvanie.html','http://design.loc/',1,'design.loc',NULL,'Google Chrome','47.0.2526.73','linux',1453733992,1453469816),(328,2130706433,'Mozilla/5.0 (X11; Linux x86_64) AppleWebKit/537.36 (KHTML, like Gecko) Ubuntu Chromium/47.0.2526.73 Chrome/47.0.2526.73 Safari/537.36','/post/17-nazvanie.html','http://design.loc/',1,'design.loc',NULL,'Google Chrome','47.0.2526.73','linux',1453734042,1453469816),(329,2130706433,'Mozilla/5.0 (X11; Linux x86_64) AppleWebKit/537.36 (KHTML, like Gecko) Ubuntu Chromium/47.0.2526.73 Chrome/47.0.2526.73 Safari/537.36','/post/17-nazvanie.html','http://design.loc/',1,'design.loc',NULL,'Google Chrome','47.0.2526.73','linux',1453734068,1453469816),(330,2130706433,'Mozilla/5.0 (X11; Linux x86_64) AppleWebKit/537.36 (KHTML, like Gecko) Ubuntu Chromium/47.0.2526.73 Chrome/47.0.2526.73 Safari/537.36','/post/17-nazvanie.html','http://design.loc/',1,'design.loc',NULL,'Google Chrome','47.0.2526.73','linux',1453734136,1453469816),(331,2130706433,'Mozilla/5.0 (X11; Linux x86_64) AppleWebKit/537.36 (KHTML, like Gecko) Ubuntu Chromium/47.0.2526.73 Chrome/47.0.2526.73 Safari/537.36','/post/17-nazvanie.html','http://design.loc/',1,'design.loc',NULL,'Google Chrome','47.0.2526.73','linux',1453734138,1453469816),(332,2130706433,'Mozilla/5.0 (X11; Linux x86_64) AppleWebKit/537.36 (KHTML, like Gecko) Ubuntu Chromium/47.0.2526.73 Chrome/47.0.2526.73 Safari/537.36','/post/17-nazvanie.html','http://design.loc/',1,'design.loc',NULL,'Google Chrome','47.0.2526.73','linux',1453734146,1453469816),(333,2130706433,'Mozilla/5.0 (X11; Linux x86_64) AppleWebKit/537.36 (KHTML, like Gecko) Ubuntu Chromium/47.0.2526.73 Chrome/47.0.2526.73 Safari/537.36','/post/17-nazvanie.html','http://design.loc/',1,'design.loc',NULL,'Google Chrome','47.0.2526.73','linux',1453734148,1453469816),(334,2130706433,'Mozilla/5.0 (X11; Linux x86_64) AppleWebKit/537.36 (KHTML, like Gecko) Ubuntu Chromium/47.0.2526.73 Chrome/47.0.2526.73 Safari/537.36','/post/17-nazvanie.html','http://design.loc/',1,'design.loc',NULL,'Google Chrome','47.0.2526.73','linux',1453734206,1453469816),(335,2130706433,'Mozilla/5.0 (X11; Linux x86_64) AppleWebKit/537.36 (KHTML, like Gecko) Ubuntu Chromium/47.0.2526.73 Chrome/47.0.2526.73 Safari/537.36','/post/17-nazvanie.html','http://design.loc/',1,'design.loc',NULL,'Google Chrome','47.0.2526.73','linux',1453734224,1453469816),(336,2130706433,'Mozilla/5.0 (X11; Linux x86_64) AppleWebKit/537.36 (KHTML, like Gecko) Ubuntu Chromium/47.0.2526.73 Chrome/47.0.2526.73 Safari/537.36','/post/17-nazvanie.html','http://design.loc/',1,'design.loc',NULL,'Google Chrome','47.0.2526.73','linux',1453734230,1453469816),(337,2130706433,'Mozilla/5.0 (X11; Linux x86_64) AppleWebKit/537.36 (KHTML, like Gecko) Ubuntu Chromium/47.0.2526.73 Chrome/47.0.2526.73 Safari/537.36','/post/17-nazvanie.html','http://design.loc/',1,'design.loc',NULL,'Google Chrome','47.0.2526.73','linux',1453734252,1453469816),(338,2130706433,'Mozilla/5.0 (X11; Linux x86_64) AppleWebKit/537.36 (KHTML, like Gecko) Ubuntu Chromium/47.0.2526.73 Chrome/47.0.2526.73 Safari/537.36','/post/17-nazvanie.html','http://design.loc/',1,'design.loc',NULL,'Google Chrome','47.0.2526.73','linux',1453734267,1453469816),(339,2130706433,'Mozilla/5.0 (X11; Linux x86_64) AppleWebKit/537.36 (KHTML, like Gecko) Ubuntu Chromium/47.0.2526.73 Chrome/47.0.2526.73 Safari/537.36','/post/17-nazvanie.html','http://design.loc/',1,'design.loc',NULL,'Google Chrome','47.0.2526.73','linux',1453734269,1453469816),(340,2130706433,'Mozilla/5.0 (X11; Linux x86_64) AppleWebKit/537.36 (KHTML, like Gecko) Ubuntu Chromium/47.0.2526.73 Chrome/47.0.2526.73 Safari/537.36','/post/17-nazvanie.html','http://design.loc/',1,'design.loc',NULL,'Google Chrome','47.0.2526.73','linux',1453734311,1453469816),(341,2130706433,'Mozilla/5.0 (X11; Linux x86_64) AppleWebKit/537.36 (KHTML, like Gecko) Ubuntu Chromium/47.0.2526.73 Chrome/47.0.2526.73 Safari/537.36','/post/17-nazvanie.html','http://design.loc/',1,'design.loc',NULL,'Google Chrome','47.0.2526.73','linux',1453734384,1453469816),(342,2130706433,'Mozilla/5.0 (X11; Linux x86_64) AppleWebKit/537.36 (KHTML, like Gecko) Ubuntu Chromium/47.0.2526.73 Chrome/47.0.2526.73 Safari/537.36','/post/17-nazvanie.html','http://design.loc/',1,'design.loc',NULL,'Google Chrome','47.0.2526.73','linux',1453734450,1453469816),(343,2130706433,'Mozilla/5.0 (X11; Linux x86_64) AppleWebKit/537.36 (KHTML, like Gecko) Ubuntu Chromium/47.0.2526.73 Chrome/47.0.2526.73 Safari/537.36','/post/17-nazvanie.html','http://design.loc/',1,'design.loc',NULL,'Google Chrome','47.0.2526.73','linux',1453734459,1453469816),(344,2130706433,'Mozilla/5.0 (X11; Linux x86_64) AppleWebKit/537.36 (KHTML, like Gecko) Ubuntu Chromium/47.0.2526.73 Chrome/47.0.2526.73 Safari/537.36','/comment/delete','http://design.loc/post/17-nazvanie.html',1,'design.loc',NULL,'Google Chrome','47.0.2526.73','linux',1453734473,1453469816),(345,2130706433,'Mozilla/5.0 (X11; Linux x86_64) AppleWebKit/537.36 (KHTML, like Gecko) Ubuntu Chromium/47.0.2526.73 Chrome/47.0.2526.73 Safari/537.36','/post/17-nazvanie.html','http://design.loc/',1,'design.loc',NULL,'Google Chrome','47.0.2526.73','linux',1453734536,1453469816),(346,2130706433,'Mozilla/5.0 (X11; Linux x86_64) AppleWebKit/537.36 (KHTML, like Gecko) Ubuntu Chromium/47.0.2526.73 Chrome/47.0.2526.73 Safari/537.36','/comment/delete','http://design.loc/post/17-nazvanie.html',1,'design.loc',NULL,'Google Chrome','47.0.2526.73','linux',1453734541,1453469816),(347,2130706433,'Mozilla/5.0 (X11; Linux x86_64) AppleWebKit/537.36 (KHTML, like Gecko) Ubuntu Chromium/47.0.2526.73 Chrome/47.0.2526.73 Safari/537.36','/post/17-nazvanie.html','http://design.loc/',1,'design.loc',NULL,'Google Chrome','47.0.2526.73','linux',1453734578,1453469816),(348,2130706433,'Mozilla/5.0 (X11; Linux x86_64) AppleWebKit/537.36 (KHTML, like Gecko) Ubuntu Chromium/47.0.2526.73 Chrome/47.0.2526.73 Safari/537.36','/comment/delete','http://design.loc/post/17-nazvanie.html',1,'design.loc',NULL,'Google Chrome','47.0.2526.73','linux',1453734582,1453469816),(349,2130706433,'Mozilla/5.0 (X11; Linux x86_64) AppleWebKit/537.36 (KHTML, like Gecko) Ubuntu Chromium/47.0.2526.73 Chrome/47.0.2526.73 Safari/537.36','/comment/delete','http://design.loc/post/17-nazvanie.html',1,'design.loc',NULL,'Google Chrome','47.0.2526.73','linux',1453734584,1453469816),(350,2130706433,'Mozilla/5.0 (X11; Linux x86_64) AppleWebKit/537.36 (KHTML, like Gecko) Ubuntu Chromium/47.0.2526.73 Chrome/47.0.2526.73 Safari/537.36','/comment/delete','http://design.loc/post/17-nazvanie.html',1,'design.loc',NULL,'Google Chrome','47.0.2526.73','linux',1453734584,1453469816),(351,2130706433,'Mozilla/5.0 (X11; Linux x86_64) AppleWebKit/537.36 (KHTML, like Gecko) Ubuntu Chromium/47.0.2526.73 Chrome/47.0.2526.73 Safari/537.36','/comment/delete','http://design.loc/post/17-nazvanie.html',1,'design.loc',NULL,'Google Chrome','47.0.2526.73','linux',1453734586,1453469816),(352,2130706433,'Mozilla/5.0 (X11; Linux x86_64) AppleWebKit/537.36 (KHTML, like Gecko) Ubuntu Chromium/47.0.2526.73 Chrome/47.0.2526.73 Safari/537.36','/comment/delete','http://design.loc/post/17-nazvanie.html',1,'design.loc',NULL,'Google Chrome','47.0.2526.73','linux',1453734586,1453469816),(353,2130706433,'Mozilla/5.0 (X11; Linux x86_64) AppleWebKit/537.36 (KHTML, like Gecko) Ubuntu Chromium/47.0.2526.73 Chrome/47.0.2526.73 Safari/537.36','/comment/delete','http://design.loc/post/17-nazvanie.html',1,'design.loc',NULL,'Google Chrome','47.0.2526.73','linux',1453734587,1453469816),(354,2130706433,'Mozilla/5.0 (X11; Linux x86_64) AppleWebKit/537.36 (KHTML, like Gecko) Ubuntu Chromium/47.0.2526.73 Chrome/47.0.2526.73 Safari/537.36','/comment/delete','http://design.loc/post/17-nazvanie.html',1,'design.loc',NULL,'Google Chrome','47.0.2526.73','linux',1453734587,1453469816),(355,2130706433,'Mozilla/5.0 (X11; Linux x86_64) AppleWebKit/537.36 (KHTML, like Gecko) Ubuntu Chromium/47.0.2526.73 Chrome/47.0.2526.73 Safari/537.36','/post/17-nazvanie.html','http://design.loc/',1,'design.loc',NULL,'Google Chrome','47.0.2526.73','linux',1453734596,1453469816),(356,2130706433,'Mozilla/5.0 (X11; Linux x86_64) AppleWebKit/537.36 (KHTML, like Gecko) Ubuntu Chromium/47.0.2526.73 Chrome/47.0.2526.73 Safari/537.36','/comment/delete','http://design.loc/post/17-nazvanie.html',1,'design.loc',NULL,'Google Chrome','47.0.2526.73','linux',1453734597,1453469816),(357,2130706433,'Mozilla/5.0 (X11; Linux x86_64) AppleWebKit/537.36 (KHTML, like Gecko) Ubuntu Chromium/47.0.2526.73 Chrome/47.0.2526.73 Safari/537.36','/post/17-nazvanie.html','http://design.loc/',1,'design.loc',NULL,'Google Chrome','47.0.2526.73','linux',1453734624,1453469816),(358,2130706433,'Mozilla/5.0 (X11; Linux x86_64) AppleWebKit/537.36 (KHTML, like Gecko) Ubuntu Chromium/47.0.2526.73 Chrome/47.0.2526.73 Safari/537.36','/comment/delete','http://design.loc/post/17-nazvanie.html',1,'design.loc',NULL,'Google Chrome','47.0.2526.73','linux',1453734627,1453469816),(359,2130706433,'Mozilla/5.0 (X11; Linux x86_64) AppleWebKit/537.36 (KHTML, like Gecko) Ubuntu Chromium/47.0.2526.73 Chrome/47.0.2526.73 Safari/537.36','/post/17-nazvanie.html','http://design.loc/',1,'design.loc',NULL,'Google Chrome','47.0.2526.73','linux',1453734629,1453469816),(360,2130706433,'Mozilla/5.0 (X11; Linux x86_64) AppleWebKit/537.36 (KHTML, like Gecko) Ubuntu Chromium/47.0.2526.73 Chrome/47.0.2526.73 Safari/537.36','/comment/post/publ17','http://design.loc/post/17-nazvanie.html',1,'design.loc',NULL,'Google Chrome','47.0.2526.73','linux',1453734632,1453469816),(361,2130706433,'Mozilla/5.0 (X11; Linux x86_64) AppleWebKit/537.36 (KHTML, like Gecko) Ubuntu Chromium/47.0.2526.73 Chrome/47.0.2526.73 Safari/537.36','/comment/post/18','http://design.loc/post/17-nazvanie.html',1,'design.loc',NULL,'Google Chrome','47.0.2526.73','linux',1453734640,1453469816),(362,2130706433,'Mozilla/5.0 (X11; Linux x86_64) AppleWebKit/537.36 (KHTML, like Gecko) Ubuntu Chromium/47.0.2526.73 Chrome/47.0.2526.73 Safari/537.36','/post/17-nazvanie.html','http://design.loc/',1,'design.loc',NULL,'Google Chrome','47.0.2526.73','linux',1453734652,1453469816),(363,2130706433,'Mozilla/5.0 (X11; Linux x86_64) AppleWebKit/537.36 (KHTML, like Gecko) Ubuntu Chromium/47.0.2526.73 Chrome/47.0.2526.73 Safari/537.36','/post/17-nazvanie.html','http://design.loc/',1,'design.loc',NULL,'Google Chrome','47.0.2526.73','linux',1453734739,1453469816),(364,2130706433,'Mozilla/5.0 (X11; Linux x86_64) AppleWebKit/537.36 (KHTML, like Gecko) Ubuntu Chromium/47.0.2526.73 Chrome/47.0.2526.73 Safari/537.36','/post/17-nazvanie.html','http://design.loc/',1,'design.loc',NULL,'Google Chrome','47.0.2526.73','linux',1453734744,1453469816),(365,2130706433,'Mozilla/5.0 (X11; Linux x86_64) AppleWebKit/537.36 (KHTML, like Gecko) Ubuntu Chromium/47.0.2526.73 Chrome/47.0.2526.73 Safari/537.36','/post/17-nazvanie.html','http://design.loc/',1,'design.loc',NULL,'Google Chrome','47.0.2526.73','linux',1453734750,1453469816),(366,2130706433,'Mozilla/5.0 (X11; Linux x86_64) AppleWebKit/537.36 (KHTML, like Gecko) Ubuntu Chromium/47.0.2526.73 Chrome/47.0.2526.73 Safari/537.36','/post/17-nazvanie.html','http://design.loc/',1,'design.loc',NULL,'Google Chrome','47.0.2526.73','linux',1453734751,1453469816),(367,2130706433,'Mozilla/5.0 (X11; Linux x86_64) AppleWebKit/537.36 (KHTML, like Gecko) Ubuntu Chromium/47.0.2526.73 Chrome/47.0.2526.73 Safari/537.36','/post/17-nazvanie.html','http://design.loc/',1,'design.loc',NULL,'Google Chrome','47.0.2526.73','linux',1453734755,1453469816),(368,2130706433,'Mozilla/5.0 (X11; Linux x86_64) AppleWebKit/537.36 (KHTML, like Gecko) Ubuntu Chromium/47.0.2526.73 Chrome/47.0.2526.73 Safari/537.36','/post/17-nazvanie.html','http://design.loc/',1,'design.loc',NULL,'Google Chrome','47.0.2526.73','linux',1453734756,1453469816),(369,2130706433,'Mozilla/5.0 (X11; Linux x86_64) AppleWebKit/537.36 (KHTML, like Gecko) Ubuntu Chromium/47.0.2526.73 Chrome/47.0.2526.73 Safari/537.36','/post/17-nazvanie.html','http://design.loc/',1,'design.loc',NULL,'Google Chrome','47.0.2526.73','linux',1453734760,1453469816),(370,2130706433,'Mozilla/5.0 (X11; Linux x86_64) AppleWebKit/537.36 (KHTML, like Gecko) Ubuntu Chromium/47.0.2526.73 Chrome/47.0.2526.73 Safari/537.36','/post/17-nazvanie.html','http://design.loc/',1,'design.loc',NULL,'Google Chrome','47.0.2526.73','linux',1453734760,1453469816),(371,2130706433,'Mozilla/5.0 (X11; Linux x86_64) AppleWebKit/537.36 (KHTML, like Gecko) Ubuntu Chromium/47.0.2526.73 Chrome/47.0.2526.73 Safari/537.36','/comment/delete','http://design.loc/post/17-nazvanie.html',1,'design.loc',NULL,'Google Chrome','47.0.2526.73','linux',1453734779,1453469816),(372,2130706433,'Mozilla/5.0 (X11; Linux x86_64) AppleWebKit/537.36 (KHTML, like Gecko) Ubuntu Chromium/47.0.2526.73 Chrome/47.0.2526.73 Safari/537.36','/post/17-nazvanie.html','http://design.loc/',1,'design.loc',NULL,'Google Chrome','47.0.2526.73','linux',1453734780,1453469816),(373,2130706433,'Mozilla/5.0 (X11; Linux x86_64) AppleWebKit/537.36 (KHTML, like Gecko) Ubuntu Chromium/47.0.2526.73 Chrome/47.0.2526.73 Safari/537.36','/','http://design.loc/control/user/groups',1,'design.loc',NULL,'Google Chrome','47.0.2526.73','linux',1453735233,1453469816),(374,2130706433,'Mozilla/5.0 (X11; Linux x86_64) AppleWebKit/537.36 (KHTML, like Gecko) Ubuntu Chromium/47.0.2526.73 Chrome/47.0.2526.73 Safari/537.36','/static/678136-shield-warning-128.png','http://design.loc/',1,'design.loc',NULL,'Google Chrome','47.0.2526.73','linux',1453735234,1453469816),(375,2130706433,'Mozilla/5.0 (X11; Linux x86_64) AppleWebKit/537.36 (KHTML, like Gecko) Ubuntu Chromium/47.0.2526.73 Chrome/47.0.2526.73 Safari/537.36','/static/14px.png','http://design.loc/',1,'design.loc',NULL,'Google Chrome','47.0.2526.73','linux',1453735234,1453469816),(376,2130706433,'Mozilla/5.0 (X11; Linux x86_64) AppleWebKit/537.36 (KHTML, like Gecko) Ubuntu Chromium/47.0.2526.73 Chrome/47.0.2526.73 Safari/537.36','/post/16-nazvanie.html','http://design.loc/',1,'design.loc',NULL,'Google Chrome','47.0.2526.73','linux',1453735237,1453469816),(377,2130706433,'Mozilla/5.0 (X11; Linux x86_64) AppleWebKit/537.36 (KHTML, like Gecko) Ubuntu Chromium/47.0.2526.73 Chrome/47.0.2526.73 Safari/537.36','/comment/post/publ16','http://design.loc/post/16-nazvanie.html',1,'design.loc',NULL,'Google Chrome','47.0.2526.73','linux',1453735240,1453469816);
/*!40000 ALTER TABLE `visits` ENABLE KEYS */;
UNLOCK TABLES;
/*!40103 SET TIME_ZONE=@OLD_TIME_ZONE */;

/*!40101 SET SQL_MODE=@OLD_SQL_MODE */;
/*!40014 SET FOREIGN_KEY_CHECKS=@OLD_FOREIGN_KEY_CHECKS */;
/*!40014 SET UNIQUE_CHECKS=@OLD_UNIQUE_CHECKS */;
/*!40101 SET CHARACTER_SET_CLIENT=@OLD_CHARACTER_SET_CLIENT */;
/*!40101 SET CHARACTER_SET_RESULTS=@OLD_CHARACTER_SET_RESULTS */;
/*!40101 SET COLLATION_CONNECTION=@OLD_COLLATION_CONNECTION */;
/*!40111 SET SQL_NOTES=@OLD_SQL_NOTES */;

-- Dump completed on 2016-01-25 17:26:29
